Workbook

Sheet Deliveries 1
K1: =IFERROR(__xludf.DUMMYFUNCTION("transpose(split(K3,"",""))"),"Canada") -> Canada | L1: =IFERROR(__xludf.DUMMYFUNCTION("transpose(split(L3,"",""))"),"Canada") -> Canada | M1: =IFERROR(__xludf.DUMMYFUNCTION("transpose(split(M3,"",""))"),"Canada") -> Canada | N1: =IFERROR(__xludf.DUMMYFUNCTION("transpose(split(N3,"",""))"),"Canada") -> Canada | O1: =IFERROR(__xludf.DUMMYFUNCTION("transpose(split(O3,"",""))"),"China") -> China | P1: =IFERROR(__xludf.DUMMYFUNCTION("transpose(split(P3,"",""))"),"China") -> China | Q1: =IFERROR(__xludf.DUMMYFUNCTION("transpose(split(Q3,"",""))"),"China") -> China | R1: =IFERROR(__xludf.DUMMYFUNCTION("transpose(split(R3,"",""))"),"Europe") -> Europe | S1: =IFERROR(__xludf.DUMMYFUNCTION("transpose(split(S3,"",""))"),"Europe") -> Europe | T1: =IFERROR(__xludf.DUMMYFUNCTION("transpose(split(T3,"",""))"),"Europe") -> Europe | U1: =IFERROR(__xludf.DUMMYFUNCTION("transpose(split(U3,"",""))"),"ROW") -> ROW | V1: =IFERROR(__xludf.DUMMYFUNCTION("transpose(split(V3,"",""))"),"ROW") -> ROW | W1: =IFERROR(__xludf.DUMMYFUNCTION("transpose(split(W3,"",""))"),"ROW") -> ROW | X1: =IFERROR(__xludf.DUMMYFUNCTION("transpose(split(X3,"",""))"),"ROW") -> ROW | Y1: =IFERROR(__xludf.DUMMYFUNCTION("transpose(split(Y3,"",""))"),"USA") -> USA | Z1: =IFERROR(__xludf.DUMMYFUNCTION("transpose(split(Z3,"",""))"),"USA") -> USA | AA1: =IFERROR(__xludf.DUMMYFUNCTION("transpose(split(AA3,"",""))"),"USA") -> USA | AB1: =IFERROR(__xludf.DUMMYFUNCTION("transpose(split(AB3,"",""))"),"USA") -> USA | AC1: =IFERROR(__xludf.DUMMYFUNCTION("transpose(split(AC3,"",""))"),"Total") -> Total
B2: Deliveries | C2: =IFERROR(__xludf.DUMMYFUNCTION("transpose(split(C3,"",""))"),"Canada") -> Canada | D2: =IFERROR(__xludf.DUMMYFUNCTION("transpose(split(D3,"",""))"),"China") -> China | E2: =IFERROR(__xludf.DUMMYFUNCTION("transpose(split(E3,"",""))"),"Europe") -> Europe | F2: =IFERROR(__xludf.DUMMYFUNCTION("transpose(split(F3,"",""))"),"ROW") -> ROW | G2: =IFERROR(__xludf.DUMMYFUNCTION("transpose(split(G3,"",""))"),"USA") -> USA | H2: Total | J2: Deliveries | K2: =IFERROR(__xludf.DUMMYFUNCTION("""COMPUTED_VALUE"""),"Cybertruck") -> Cybertruck | L2: =IFERROR(__xludf.DUMMYFUNCTION("""COMPUTED_VALUE"""),"Model 3") -> Model 3 | M2: =IFERROR(__xludf.DUMMYFUNCTION("""COMPUTED_VALUE"""),"Model S/X") -> Model S/X | N2: =IFERROR(__xludf.DUMMYFUNCTION("""COMPUTED_VALUE"""),"Model Y") -> Model Y | O2: =IFERROR(__xludf.DUMMYFUNCTION("""COMPUTED_VALUE"""),"Model 3") -> Model 3 | P2: =IFERROR(__xludf.DUMMYFUNCTION("""COMPUTED_VALUE"""),"Model S/X") -> Model S/X | Q2: =IFERROR(__xludf.DUMMYFUNCTION("""COMPUTED_VALUE"""),"Model Y") -> Model Y | R2: =IFERROR(__xludf.DUMMYFUNCTION("""COMPUTED_VALUE"""),"Model 3") -> Model 3 | S2: =IFERROR(__xludf.DUMMYFUNCTION("""COMPUTED_VALUE"""),"Model S/X") -> Model S/X | T2: =IFERROR(__xludf.DUMMYFUNCTION("""COMPUTED_VALUE"""),"Model Y") -> Model Y | U2: =IFERROR(__xludf.DUMMYFUNCTION("""COMPUTED_VALUE"""),"Cybertruck") -> Cybertruck | V2: =IFERROR(__xludf.DUMMYFUNCTION("""COMPUTED_VALUE"""),"Model 3") -> Model 3 | W2: =IFERROR(__xludf.DUMMYFUNCTION("""COMPUTED_VALUE"""),"Model S/X") -> Model S/X | X2: =IFERROR(__xludf.DUMMYFUNCTION("""COMPUTED_VALUE"""),"Model Y") -> Model Y | Y2: =IFERROR(__xludf.DUMMYFUNCTION("""COMPUTED_VALUE"""),"Cybertruck") -> Cybertruck | Z2: =IFERROR(__xludf.DUMMYFUNCTION("""COMPUTED_VALUE"""),"Model 3") -> Model 3 | AA2: =IFERROR(__xludf.DUMMYFUNCTION("""COMPUTED_VALUE"""),"Model S/X") -> Model S/X | AB2: =IFERROR(__xludf.DUMMYFUNCTION("""COMPUTED_VALUE"""),"Model Y") -> Model Y | AC2: All models
B3: =IFERROR(__xludf.DUMMYFUNCTION("{query({Delivery_Data!$A:$I},""select Col1,sum(Col8) where Col1 is not null and Col8 is not null group by Col1 pivot Col6"",1);index(query({Delivery_Data!$A:$I},""select 'Total',sum(Col8) where Col1 is not null and Col8 is not null pivot Col6"",1),2,0)}"),"Year") -> Year | C3: =IFERROR(__xludf.DUMMYFUNCTION("""COMPUTED_VALUE"""),"Canada") -> Canada | D3: =IFERROR(__xludf.DUMMYFUNCTION("""COMPUTED_VALUE"""),"China") -> China | E3: =IFERROR(__xludf.DUMMYFUNCTION("""COMPUTED_VALUE"""),"Europe") -> Europe | F3: =IFERROR(__xludf.DUMMYFUNCTION("""COMPUTED_VALUE"""),"ROW") -> ROW | G3: =IFERROR(__xludf.DUMMYFUNCTION("""COMPUTED_VALUE"""),"USA") -> USA | H3: {={"Total";if($B4:$B18="",,mmult(n($C$4:$G$18),transpose(sign(column($C$4:$G$18)))))}} -> Total | J3: =IFERROR(__xludf.DUMMYFUNCTION("{query({Delivery_Data!$A:$I},""select Col1,sum(Col8) where Col1 is not null and Col8 is not null group by Col1 pivot Col6,Col4"",1);index(query({Delivery_Data!$A:$I},""select 'Total',sum(Col8) where Col1 is not null and Col8 is not null pivot Col6,Col4"","&"1),2,0)}"),"Year") -> Year | K3: =IFERROR(__xludf.DUMMYFUNCTION("""COMPUTED_VALUE"""),"Canada,Cybertruck") -> Canada,Cybertruck | L3: =IFERROR(__xludf.DUMMYFUNCTION("""COMPUTED_VALUE"""),"Canada,Model 3") -> Canada,Model 3 | M3: =IFERROR(__xludf.DUMMYFUNCTION("""COMPUTED_VALUE"""),"Canada,Model S/X") -> Canada,Model S/X | N3: =IFERROR(__xludf.DUMMYFUNCTION("""COMPUTED_VALUE"""),"Canada,Model Y") -> Canada,Model Y | O3: =IFERROR(__xludf.DUMMYFUNCTION("""COMPUTED_VALUE"""),"China,Model 3") -> China,Model 3 | P3: =IFERROR(__xludf.DUMMYFUNCTION("""COMPUTED_VALUE"""),"China,Model S/X") -> China,Model S/X | Q3: =IFERROR(__xludf.DUMMYFUNCTION("""COMPUTED_VALUE"""),"China,Model Y") -> China,Model Y | R3: =IFERROR(__xludf.DUMMYFUNCTION("""COMPUTED_VALUE"""),"Europe,Model 3") -> Europe,Model 3 | S3: =IFERROR(__xludf.DUMMYFUNCTION("""COMPUTED_VALUE"""),"Europe,Model S/X") -> Europe,Model S/X | T3: =IFERROR(__xludf.DUMMYFUNCTION("""COMPUTED_VALUE"""),"Europe,Model Y") -> Europe,Model Y | U3: =IFERROR(__xludf.DUMMYFUNCTION("""COMPUTED_VALUE"""),"ROW,Cybertruck") -> ROW,Cybertruck | V3: =IFERROR(__xludf.DUMMYFUNCTION("""COMPUTED_VALUE"""),"ROW,Model 3") -> ROW,Model 3 | W3: =IFERROR(__xludf.DUMMYFUNCTION("""COMPUTED_VALUE"""),"ROW,Model S/X") -> ROW,Model S/X | X3: =IFERROR(__xludf.DUMMYFUNCTION("""COMPUTED_VALUE"""),"ROW,Model Y") -> ROW,Model Y | Y3: =IFERROR(__xludf.DUMMYFUNCTION("""COMPUTED_VALUE"""),"USA,Cybertruck") -> USA,Cybertruck | Z3: =IFERROR(__xludf.DUMMYFUNCTION("""COMPUTED_VALUE"""),"USA,Model 3") -> USA,Model 3 | AA3: =IFERROR(__xludf.DUMMYFUNCTION("""COMPUTED_VALUE"""),"USA,Model S/X") -> USA,Model S/X | AB3: =IFERROR(__xludf.DUMMYFUNCTION("""COMPUTED_VALUE"""),"USA,Model Y") -> USA,Model Y | AC3: {={"Total";if($J4:$J18="",,mmult(n($K$4:$AB$18),transpose(sign(column($K$4:$AB$18)))))}} -> Total
B4: =IFERROR(__xludf.DUMMYFUNCTION("""COMPUTED_VALUE"""),2012.0) -> 2012 | C4: =IFERROR(__xludf.DUMMYFUNCTION("""COMPUTED_VALUE"""),95.0) -> 95 | G4: =IFERROR(__xludf.DUMMYFUNCTION("""COMPUTED_VALUE"""),2555.0) -> 2555 | H4: 2650 | J4: =IFERROR(__xludf.DUMMYFUNCTION("""COMPUTED_VALUE"""),2012.0) -> 2012 | M4: =IFERROR(__xludf.DUMMYFUNCTION("""COMPUTED_VALUE"""),95.0) -> 95 | AA4: =IFERROR(__xludf.DUMMYFUNCTION("""COMPUTED_VALUE"""),2555.0) -> 2555 | AC4: 2650
B5: =IFERROR(__xludf.DUMMYFUNCTION("""COMPUTED_VALUE"""),2013.0) -> 2013 | C5: =IFERROR(__xludf.DUMMYFUNCTION("""COMPUTED_VALUE"""),638.0) -> 638 | E5: =IFERROR(__xludf.DUMMYFUNCTION("""COMPUTED_VALUE"""),3893.0) -> 3893 | G5: =IFERROR(__xludf.DUMMYFUNCTION("""COMPUTED_VALUE"""),17946.0) -> 17946 | H5: 22477 | J5: =IFERROR(__xludf.DUMMYFUNCTION("""COMPUTED_VALUE"""),2013.0) -> 2013 | M5: =IFERROR(__xludf.DUMMYFUNCTION("""COMPUTED_VALUE"""),638.0) -> 638 | S5: =IFERROR(__xludf.DUMMYFUNCTION("""COMPUTED_VALUE"""),3893.0) -> 3893 | AA5: =IFERROR(__xludf.DUMMYFUNCTION("""COMPUTED_VALUE"""),17946.0) -> 17946 | AC5: 22477
B6: =IFERROR(__xludf.DUMMYFUNCTION("""COMPUTED_VALUE"""),2014.0) -> 2014 | C6: =IFERROR(__xludf.DUMMYFUNCTION("""COMPUTED_VALUE"""),784.0) -> 784 | D6: =IFERROR(__xludf.DUMMYFUNCTION("""COMPUTED_VALUE"""),4122.0) -> 4122 | E6: =IFERROR(__xludf.DUMMYFUNCTION("""COMPUTED_VALUE"""),9521.0) -> 9521 | F6: =IFERROR(__xludf.DUMMYFUNCTION("""COMPUTED_VALUE"""),539.0) -> 539 | G6: =IFERROR(__xludf.DUMMYFUNCTION("""COMPUTED_VALUE"""),16689.0) -> 16689 | H6: 31655 | J6: =IFERROR(__xludf.DUMMYFUNCTION("""COMPUTED_VALUE"""),2014.0) -> 2014 | M6: =IFERROR(__xludf.DUMMYFUNCTION("""COMPUTED_VALUE"""),784.0) -> 784 | P6: =IFERROR(__xludf.DUMMYFUNCTION("""COMPUTED_VALUE"""),4122.0) -> 4122 | S6: =IFERROR(__xludf.DUMMYFUNCTION("""COMPUTED_VALUE"""),9521.0) -> 9521 | W6: =IFERROR(__xludf.DUMMYFUNCTION("""COMPUTED_VALUE"""),539.0) -> 539 | AA6: =IFERROR(__xludf.DUMMYFUNCTION("""COMPUTED_VALUE"""),16689.0) -> 16689 | AC6: 31655
B7: =IFERROR(__xludf.DUMMYFUNCTION("""COMPUTED_VALUE"""),2015.0) -> 2015 | C7: =IFERROR(__xludf.DUMMYFUNCTION("""COMPUTED_VALUE"""),1600.0) -> 1600 | D7: =IFERROR(__xludf.DUMMYFUNCTION("""COMPUTED_VALUE"""),3692.0) -> 3692 | E7: =IFERROR(__xludf.DUMMYFUNCTION("""COMPUTED_VALUE"""),16701.0) -> 16701 | F7: =IFERROR(__xludf.DUMMYFUNCTION("""COMPUTED_VALUE"""),3463.0) -> 3463 | G7: =IFERROR(__xludf.DUMMYFUNCTION("""COMPUTED_VALUE"""),25202.0) -> 25202 | H7: 50658 | J7: =IFERROR(__xludf.DUMMYFUNCTION("""COMPUTED_VALUE"""),2015.0) -> 2015 | M7: =IFERROR(__xludf.DUMMYFUNCTION("""COMPUTED_VALUE"""),1600.0) -> 1600 | P7: =IFERROR(__xludf.DUMMYFUNCTION("""COMPUTED_VALUE"""),3692.0) -> 3692 | S7: =IFERROR(__xludf.DUMMYFUNCTION("""COMPUTED_VALUE"""),16701.0) -> 16701 | W7: =IFERROR(__xludf.DUMMYFUNCTION("""COMPUTED_VALUE"""),3463.0) -> 3463 | AA7: =IFERROR(__xludf.DUMMYFUNCTION("""COMPUTED_VALUE"""),25202.0) -> 25202 | AC7: 50658
B8: =IFERROR(__xludf.DUMMYFUNCTION("""COMPUTED_VALUE"""),2016.0) -> 2016 | C8: =IFERROR(__xludf.DUMMYFUNCTION("""COMPUTED_VALUE"""),2283.0) -> 2283 | D8: =IFERROR(__xludf.DUMMYFUNCTION("""COMPUTED_VALUE"""),8377.0) -> 8377 | E8: =IFERROR(__xludf.DUMMYFUNCTION("""COMPUTED_VALUE"""),16230.0) -> 16230 | F8: =IFERROR(__xludf.DUMMYFUNCTION("""COMPUTED_VALUE"""),3660.0) -> 3660 | G8: =IFERROR(__xludf.DUMMYFUNCTION("""COMPUTED_VALUE"""),45735.0) -> 45735 | H8: 76285 | J8: =IFERROR(__xludf.DUMMYFUNCTION("""COMPUTED_VALUE"""),2016.0) -> 2016 | M8: =IFERROR(__xludf.DUMMYFUNCTION("""COMPUTED_VALUE"""),2283.0) -> 2283 | P8: =IFERROR(__xludf.DUMMYFUNCTION("""COMPUTED_VALUE"""),8377.0) -> 8377 | S8: =IFERROR(__xludf.DUMMYFUNCTION("""COMPUTED_VALUE"""),16230.0) -> 16230 | W8: =IFERROR(__xludf.DUMMYFUNCTION("""COMPUTED_VALUE"""),3660.0) -> 3660 | AA8: =IFERROR(__xludf.DUMMYFUNCTION("""COMPUTED_VALUE"""),45735.0) -> 45735 | AC8: 76285
B9: =IFERROR(__xludf.DUMMYFUNCTION("""COMPUTED_VALUE"""),2017.0) -> 2017 | C9: =IFERROR(__xludf.DUMMYFUNCTION("""COMPUTED_VALUE"""),2361.0) -> 2361 | D9: =IFERROR(__xludf.DUMMYFUNCTION("""COMPUTED_VALUE"""),14829.0) -> 14829 | E9: =IFERROR(__xludf.DUMMYFUNCTION("""COMPUTED_VALUE"""),28279.0) -> 28279 | F9: =IFERROR(__xludf.DUMMYFUNCTION("""COMPUTED_VALUE"""),7323.0) -> 7323 | G9: =IFERROR(__xludf.DUMMYFUNCTION("""COMPUTED_VALUE"""),50389.0) -> 50389 | H9: 103181 | J9: =IFERROR(__xludf.DUMMYFUNCTION("""COMPUTED_VALUE"""),2017.0) -> 2017 | M9: =IFERROR(__xludf.DUMMYFUNCTION("""COMPUTED_VALUE"""),2361.0) -> 2361 | P9: =IFERROR(__xludf.DUMMYFUNCTION("""COMPUTED_VALUE"""),14829.0) -> 14829 | S9: =IFERROR(__xludf.DUMMYFUNCTION("""COMPUTED_VALUE"""),28279.0) -> 28279 | W9: =IFERROR(__xludf.DUMMYFUNCTION("""COMPUTED_VALUE"""),7323.0) -> 7323 | Z9: =IFERROR(__xludf.DUMMYFUNCTION("""COMPUTED_VALUE"""),1764.0) -> 1764 | AA9: =IFERROR(__xludf.DUMMYFUNCTION("""COMPUTED_VALUE"""),48625.0) -> 48625 | AC9: 103181
B10: =IFERROR(__xludf.DUMMYFUNCTION("""COMPUTED_VALUE"""),2018.0) -> 2018 | C10: =IFERROR(__xludf.DUMMYFUNCTION("""COMPUTED_VALUE"""),7200.0) -> 7200 | D10: =IFERROR(__xludf.DUMMYFUNCTION("""COMPUTED_VALUE"""),15029.0) -> 15029 | E10: =IFERROR(__xludf.DUMMYFUNCTION("""COMPUTED_VALUE"""),29257.0) -> 29257 | F10: =IFERROR(__xludf.DUMMYFUNCTION("""COMPUTED_VALUE"""),3379.0) -> 3379 | G10: =IFERROR(__xludf.DUMMYFUNCTION("""COMPUTED_VALUE"""),190641.0) -> 190641 | H10: 245506 | J10: =IFERROR(__xludf.DUMMYFUNCTION("""COMPUTED_VALUE"""),2018.0) -> 2018 | L10: =IFERROR(__xludf.DUMMYFUNCTION("""COMPUTED_VALUE"""),4796.0) -> 4796 | M10: =IFERROR(__xludf.DUMMYFUNCTION("""COMPUTED_VALUE"""),2404.0) -> 2404 | P10: =IFERROR(__xludf.DUMMYFUNCTION("""COMPUTED_VALUE"""),15029.0) -> 15029 | S10: =IFERROR(__xludf.DUMMYFUNCTION("""COMPUTED_VALUE"""),29257.0) -> 29257 | W10: =IFERROR(__xludf.DUMMYFUNCTION("""COMPUTED_VALUE"""),3379.0) -> 3379 | Z10: =IFERROR(__xludf.DUMMYFUNCTION("""COMPUTED_VALUE"""),141259.0) -> 141259 | AA10: =IFERROR(__xludf.DUMMYFUNCTION("""COMPUTED_VALUE"""),49382.0) -> 49382 | AC10: 245506
B11: =IFERROR(__xludf.DUMMYFUNCTION("""COMPUTED_VALUE"""),2019.0) -> 2019 | C11: =IFERROR(__xludf.DUMMYFUNCTION("""COMPUTED_VALUE"""),15789.0) -> 15789 | D11: =IFERROR(__xludf.DUMMYFUNCTION("""COMPUTED_VALUE"""),41298.0) -> 41298 | E11: =IFERROR(__xludf.DUMMYFUNCTION("""COMPUTED_VALUE"""),111119.0) -> 111119 | F11: =IFERROR(__xludf.DUMMYFUNCTION("""COMPUTED_VALUE"""),11960.0) -> 11960 | G11: =IFERROR(__xludf.DUMMYFUNCTION("""COMPUTED_VALUE"""),187490.0) -> 187490 | H11: 367656 | J11: =IFERROR(__xludf.DUMMYFUNCTION("""COMPUTED_VALUE"""),2019.0) -> 2019 | L11: =IFERROR(__xludf.DUMMYFUNCTION("""COMPUTED_VALUE"""),14112.0) -> 14112 | M11: =IFERROR(__xludf.DUMMYFUNCTION("""COMPUTED_VALUE"""),1677.0) -> 1677 | O11: =IFERROR(__xludf.DUMMYFUNCTION("""COMPUTED_VALUE"""),29274.0) -> 29274 | P11: =IFERROR(__xludf.DUMMYFUNCTION("""COMPUTED_VALUE"""),12024.0) -> 12024 | R11: =IFERROR(__xludf.DUMMYFUNCTION("""COMPUTED_VALUE"""),95884.0) -> 95884 | S11: =IFERROR(__xludf.DUMMYFUNCTION("""COMPUTED_VALUE"""),15235.0) -> 15235 | V11: =IFERROR(__xludf.DUMMYFUNCTION("""COMPUTED_VALUE"""),8458.0) -> 8458 | W11: =IFERROR(__xludf.DUMMYFUNCTION("""COMPUTED_VALUE"""),3502.0) -> 3502 | Z11: =IFERROR(__xludf.DUMMYFUNCTION("""COMPUTED_VALUE"""),153157.0) -> 153157 | AA11: =IFERROR(__xludf.DUMMYFUNCTION("""COMPUTED_VALUE"""),34333.0) -> 34333 | AC11: 367656
B12: =IFERROR(__xludf.DUMMYFUNCTION("""COMPUTED_VALUE"""),2020.0) -> 2020 | C12: =IFERROR(__xludf.DUMMYFUNCTION("""COMPUTED_VALUE"""),18402.0) -> 18402 | D12: =IFERROR(__xludf.DUMMYFUNCTION("""COMPUTED_VALUE"""),146470.0) -> 146470 | E12: =IFERROR(__xludf.DUMMYFUNCTION("""COMPUTED_VALUE"""),99186.0) -> 99186 | F12: =IFERROR(__xludf.DUMMYFUNCTION("""COMPUTED_VALUE"""),27189.0) -> 27189 | G12: =IFERROR(__xludf.DUMMYFUNCTION("""COMPUTED_VALUE"""),208400.0) -> 208400 | H12: 499647 | J12: =IFERROR(__xludf.DUMMYFUNCTION("""COMPUTED_VALUE"""),2020.0) -> 2020 | L12: =IFERROR(__xludf.DUMMYFUNCTION("""COMPUTED_VALUE"""),14094.0) -> 14094 | M12: =IFERROR(__xludf.DUMMYFUNCTION("""COMPUTED_VALUE"""),1710.0) -> 1710 | N12: =IFERROR(__xludf.DUMMYFUNCTION("""COMPUTED_VALUE"""),2598.0) -> 2598 | O12: =IFERROR(__xludf.DUMMYFUNCTION("""COMPUTED_VALUE"""),139937.0) -> 139937 | P12: =IFERROR(__xludf.DUMMYFUNCTION("""COMPUTED_VALUE"""),6533.0) -> 6533 | R12: =IFERROR(__xludf.DUMMYFUNCTION("""COMPUTED_VALUE"""),87976.0) -> 87976 | S12: =IFERROR(__xludf.DUMMYFUNCTION("""COMPUTED_VALUE"""),11210.0) -> 11210 | V12: =IFERROR(__xludf.DUMMYFUNCTION("""COMPUTED_VALUE"""),24475.0) -> 24475 | W12: =IFERROR(__xludf.DUMMYFUNCTION("""COMPUTED_VALUE"""),2714.0) -> 2714 | Z12: =IFERROR(__xludf.DUMMYFUNCTION("""COMPUTED_VALUE"""),89768.0) -> 89768 | AA12: =IFERROR(__xludf.DUMMYFUNCTION("""COMPUTED_VALUE"""),34918.0) -> 34918 | AB12: =IFERROR(__xludf.DUMMYFUNCTION("""COMPUTED_VALUE"""),83714.0) -> 83714 | AC12: 499647
B13: =IFERROR(__xludf.DUMMYFUNCTION("""COMPUTED_VALUE"""),2021.0) -> 2021 | C13: =IFERROR(__xludf.DUMMYFUNCTION("""COMPUTED_VALUE"""),26369.0) -> 26369 | D13: =IFERROR(__xludf.DUMMYFUNCTION("""COMPUTED_VALUE"""),321270.0) -> 321270 | E13: =IFERROR(__xludf.DUMMYFUNCTION("""COMPUTED_VALUE"""),169351.0) -> 169351 | F13: =IFERROR(__xludf.DUMMYFUNCTION("""COMPUTED_VALUE"""),59227.0) -> 59227 | G13: =IFERROR(__xludf.DUMMYFUNCTION("""COMPUTED_VALUE"""),360005.0) -> 360005 | H13: 936222 | J13: =IFERROR(__xludf.DUMMYFUNCTION("""COMPUTED_VALUE"""),2021.0) -> 2021 | L13: =IFERROR(__xludf.DUMMYFUNCTION("""COMPUTED_VALUE"""),15602.0) -> 15602 | M13: =IFERROR(__xludf.DUMMYFUNCTION("""COMPUTED_VALUE"""),643.0) -> 643 | N13: =IFERROR(__xludf.DUMMYFUNCTION("""COMPUTED_VALUE"""),10124.0) -> 10124 | O13: =IFERROR(__xludf.DUMMYFUNCTION("""COMPUTED_VALUE"""),150890.0) -> 150890 | P13: =IFERROR(__xludf.DUMMYFUNCTION("""COMPUTED_VALUE"""),527.0) -> 527 | Q13: =IFERROR(__xludf.DUMMYFUNCTION("""COMPUTED_VALUE"""),169853.0) -> 169853 | R13: =IFERROR(__xludf.DUMMYFUNCTION("""COMPUTED_VALUE"""),143664.0) -> 143664 | S13: =IFERROR(__xludf.DUMMYFUNCTION("""COMPUTED_VALUE"""),310.0) -> 310 | T13: =IFERROR(__xludf.DUMMYFUNCTION("""COMPUTED_VALUE"""),25377.0) -> 25377 | V13: =IFERROR(__xludf.DUMMYFUNCTION("""COMPUTED_VALUE"""),47251.0) -> 47251 | W13: =IFERROR(__xludf.DUMMYFUNCTION("""COMPUTED_VALUE"""),103.0) -> 103 | X13: =IFERROR(__xludf.DUMMYFUNCTION("""COMPUTED_VALUE"""),11873.0) -> 11873 | Z13: =IFERROR(__xludf.DUMMYFUNCTION("""COMPUTED_VALUE"""),152777.0) -> 152777 | AA13: =IFERROR(__xludf.DUMMYFUNCTION("""COMPUTED_VALUE"""),23397.0) -> 23397 | AB13: =IFERROR(__xludf.DUMMYFUNCTION("""COMPUTED_VALUE"""),183831.0) -> 183831 | AC13: 936222
B14: =IFERROR(__xludf.DUMMYFUNCTION("""COMPUTED_VALUE"""),2022.0) -> 2022 | C14: =IFERROR(__xludf.DUMMYFUNCTION("""COMPUTED_VALUE"""),44390.0) -> 44390 | D14: =IFERROR(__xludf.DUMMYFUNCTION("""COMPUTED_VALUE"""),439770.0) -> 439770 | E14: =IFERROR(__xludf.DUMMYFUNCTION("""COMPUTED_VALUE"""),233964.0) -> 233964 | F14: =IFERROR(__xludf.DUMMYFUNCTION("""COMPUTED_VALUE"""),84675.0) -> 84675 | G14: =IFERROR(__xludf.DUMMYFUNCTION("""COMPUTED_VALUE"""),511052.0) -> 511052 | H14: 1313851 | J14: =IFERROR(__xludf.DUMMYFUNCTION("""COMPUTED_VALUE"""),2022.0) -> 2022 | L14: =IFERROR(__xludf.DUMMYFUNCTION("""COMPUTED_VALUE"""),24344.0) -> 24344 | M14: =IFERROR(__xludf.DUMMYFUNCTION("""COMPUTED_VALUE"""),3048.0) -> 3048 | N14: =IFERROR(__xludf.DUMMYFUNCTION("""COMPUTED_VALUE"""),16998.0) -> 16998 | O14: =IFERROR(__xludf.DUMMYFUNCTION("""COMPUTED_VALUE"""),124456.0) -> 124456 | P14: =IFERROR(__xludf.DUMMYFUNCTION("""COMPUTED_VALUE"""),0.0) -> 0 | Q14: =IFERROR(__xludf.DUMMYFUNCTION("""COMPUTED_VALUE"""),315314.0) -> 315314 | R14: =IFERROR(__xludf.DUMMYFUNCTION("""COMPUTED_VALUE"""),92356.0) -> 92356 | S14: =IFERROR(__xludf.DUMMYFUNCTION("""COMPUTED_VALUE"""),2911.0) -> 2911 | T14: =IFERROR(__xludf.DUMMYFUNCTION("""COMPUTED_VALUE"""),138697.0) -> 138697 | V14: =IFERROR(__xludf.DUMMYFUNCTION("""COMPUTED_VALUE"""),41253.0) -> 41253 | W14: =IFERROR(__xludf.DUMMYFUNCTION("""COMPUTED_VALUE"""),255.0) -> 255 | X14: =IFERROR(__xludf.DUMMYFUNCTION("""COMPUTED_VALUE"""),43167.0) -> 43167 | Z14: =IFERROR(__xludf.DUMMYFUNCTION("""COMPUTED_VALUE"""),199740.0) -> 199740 | AA14: =IFERROR(__xludf.DUMMYFUNCTION("""COMPUTED_VALUE"""),60491.0) -> 60491 | AB14: =IFERROR(__xludf.DUMMYFUNCTION("""COMPUTED_VALUE"""),250821.0) -> 250821 | AC14: 1313851
B15: =IFERROR(__xludf.DUMMYFUNCTION("""COMPUTED_VALUE"""),2023.0) -> 2023 | C15: =IFERROR(__xludf.DUMMYFUNCTION("""COMPUTED_VALUE"""),51222.0) -> 51222 | D15: =IFERROR(__xludf.DUMMYFUNCTION("""COMPUTED_VALUE"""),610685.0) -> 610685 | E15: =IFERROR(__xludf.DUMMYFUNCTION("""COMPUTED_VALUE"""),365171.0) -> 365171 | F15: =IFERROR(__xludf.DUMMYFUNCTION("""COMPUTED_VALUE"""),132864.0) -> 132864 | G15: =IFERROR(__xludf.DUMMYFUNCTION("""COMPUTED_VALUE"""),648639.0) -> 648639 | H15: 1808581 | J15: =IFERROR(__xludf.DUMMYFUNCTION("""COMPUTED_VALUE"""),2023.0) -> 2023 | L15: =IFERROR(__xludf.DUMMYFUNCTION("""COMPUTED_VALUE"""),18725.0) -> 18725 | M15: =IFERROR(__xludf.DUMMYFUNCTION("""COMPUTED_VALUE"""),2995.0) -> 2995 | N15: =IFERROR(__xludf.DUMMYFUNCTION("""COMPUTED_VALUE"""),29502.0) -> 29502 | O15: =IFERROR(__xludf.DUMMYFUNCTION("""COMPUTED_VALUE"""),147270.0) -> 147270 | P15: =IFERROR(__xludf.DUMMYFUNCTION("""COMPUTED_VALUE"""),7021.0) -> 7021 | Q15: =IFERROR(__xludf.DUMMYFUNCTION("""COMPUTED_VALUE"""),456394.0) -> 456394 | R15: =IFERROR(__xludf.DUMMYFUNCTION("""COMPUTED_VALUE"""),100932.0) -> 100932 | S15: =IFERROR(__xludf.DUMMYFUNCTION("""COMPUTED_VALUE"""),9054.0) -> 9054 | T15: =IFERROR(__xludf.DUMMYFUNCTION("""COMPUTED_VALUE"""),255185.0) -> 255185 | V15: =IFERROR(__xludf.DUMMYFUNCTION("""COMPUTED_VALUE"""),34437.0) -> 34437 | W15: =IFERROR(__xludf.DUMMYFUNCTION("""COMPUTED_VALUE"""),5198.0) -> 5198 | X15: =IFERROR(__xludf.DUMMYFUNCTION("""COMPUTED_VALUE"""),93229.0) -> 93229 | Y15: =IFERROR(__xludf.DUMMYFUNCTION("""COMPUTED_VALUE"""),124.0) -> 124 | Z15: =IFERROR(__xludf.DUMMYFUNCTION("""COMPUTED_VALUE"""),219000.0) -> 219000 | AA15: =IFERROR(__xludf.DUMMYFUNCTION("""COMPUTED_VALUE"""),44482.0) -> 44482 | AB15: =IFERROR(__xludf.DUMMYFUNCTION("""COMPUTED_VALUE"""),385033.0) -> 385033 | AC15: 1808581
B16: =IFERROR(__xludf.DUMMYFUNCTION("""COMPUTED_VALUE"""),2024.0) -> 2024 | C16: =IFERROR(__xludf.DUMMYFUNCTION("""COMPUTED_VALUE"""),45621.0) -> 45621 | D16: =IFERROR(__xludf.DUMMYFUNCTION("""COMPUTED_VALUE"""),659147.0) -> 659147 | E16: =IFERROR(__xludf.DUMMYFUNCTION("""COMPUTED_VALUE"""),325989.0) -> 325989 | F16: =IFERROR(__xludf.DUMMYFUNCTION("""COMPUTED_VALUE"""),138520.0) -> 138520 | G16: =IFERROR(__xludf.DUMMYFUNCTION("""COMPUTED_VALUE"""),619949.0) -> 619949 | H16: 1789226 | J16: =IFERROR(__xludf.DUMMYFUNCTION("""COMPUTED_VALUE"""),2024.0) -> 2024 | K16: =IFERROR(__xludf.DUMMYFUNCTION("""COMPUTED_VALUE"""),1540.0) -> 1540 | L16: =IFERROR(__xludf.DUMMYFUNCTION("""COMPUTED_VALUE"""),11215.0) -> 11215 | M16: =IFERROR(__xludf.DUMMYFUNCTION("""COMPUTED_VALUE"""),2690.0) -> 2690 | N16: =IFERROR(__xludf.DUMMYFUNCTION("""COMPUTED_VALUE"""),30176.0) -> 30176 | O16: =IFERROR(__xludf.DUMMYFUNCTION("""COMPUTED_VALUE"""),176793.0) -> 176793 | P16: =IFERROR(__xludf.DUMMYFUNCTION("""COMPUTED_VALUE"""),2045.0) -> 2045 | Q16: =IFERROR(__xludf.DUMMYFUNCTION("""COMPUTED_VALUE"""),480309.0) -> 480309 | R16: =IFERROR(__xludf.DUMMYFUNCTION("""COMPUTED_VALUE"""),105238.0) -> 105238 | S16: =IFERROR(__xludf.DUMMYFUNCTION("""COMPUTED_VALUE"""),3371.0) -> 3371 | T16: =IFERROR(__xludf.DUMMYFUNCTION("""COMPUTED_VALUE"""),217380.0) -> 217380 | V16: =IFERROR(__xludf.DUMMYFUNCTION("""COMPUTED_VALUE"""),56500.0) -> 56500 | W16: =IFERROR(__xludf.DUMMYFUNCTION("""COMPUTED_VALUE"""),2562.0) -> 2562 | X16: =IFERROR(__xludf.DUMMYFUNCTION("""COMPUTED_VALUE"""),79458.0) -> 79458 | Y16: =IFERROR(__xludf.DUMMYFUNCTION("""COMPUTED_VALUE"""),39200.0) -> 39200 | Z16: =IFERROR(__xludf.DUMMYFUNCTION("""COMPUTED_VALUE"""),175000.0) -> 175000 | AA16: =IFERROR(__xludf.DUMMYFUNCTION("""COMPUTED_VALUE"""),33725.0) -> 33725 | AB16: =IFERROR(__xludf.DUMMYFUNCTION("""COMPUTED_VALUE"""),372024.0) -> 372024 | AC16: 1789226
B17: =IFERROR(__xludf.DUMMYFUNCTION("""COMPUTED_VALUE"""),2025.0) -> 2025 | C17: =IFERROR(__xludf.DUMMYFUNCTION("""COMPUTED_VALUE"""),11130.0) -> 11130 | D17: =IFERROR(__xludf.DUMMYFUNCTION("""COMPUTED_VALUE"""),626594.0) -> 626594 | E17: =IFERROR(__xludf.DUMMYFUNCTION("""COMPUTED_VALUE"""),238282.0) -> 238282 | F17: =IFERROR(__xludf.DUMMYFUNCTION("""COMPUTED_VALUE"""),185196.0) -> 185196 | G17: =IFERROR(__xludf.DUMMYFUNCTION("""COMPUTED_VALUE"""),574927.0) -> 574927 | H17: 1636129 | J17: =IFERROR(__xludf.DUMMYFUNCTION("""COMPUTED_VALUE"""),2025.0) -> 2025 | K17: =IFERROR(__xludf.DUMMYFUNCTION("""COMPUTED_VALUE"""),1697.0) -> 1697 | L17: =IFERROR(__xludf.DUMMYFUNCTION("""COMPUTED_VALUE"""),1451.0) -> 1451 | M17: =IFERROR(__xludf.DUMMYFUNCTION("""COMPUTED_VALUE"""),279.0) -> 279 | N17: =IFERROR(__xludf.DUMMYFUNCTION("""COMPUTED_VALUE"""),7703.0) -> 7703 | O17: =IFERROR(__xludf.DUMMYFUNCTION("""COMPUTED_VALUE"""),200361.0) -> 200361 | P17: =IFERROR(__xludf.DUMMYFUNCTION("""COMPUTED_VALUE"""),896.0) -> 896 | Q17: =IFERROR(__xludf.DUMMYFUNCTION("""COMPUTED_VALUE"""),425337.0) -> 425337 | R17: =IFERROR(__xludf.DUMMYFUNCTION("""COMPUTED_VALUE"""),83675.0) -> 83675 | S17: =IFERROR(__xludf.DUMMYFUNCTION("""COMPUTED_VALUE"""),1070.0) -> 1070 | T17: =IFERROR(__xludf.DUMMYFUNCTION("""COMPUTED_VALUE"""),153537.0) -> 153537 | U17: =IFERROR(__xludf.DUMMYFUNCTION("""COMPUTED_VALUE"""),356.0) -> 356 | V17: =IFERROR(__xludf.DUMMYFUNCTION("""COMPUTED_VALUE"""),37071.0) -> 37071 | W17: =IFERROR(__xludf.DUMMYFUNCTION("""COMPUTED_VALUE"""),870.0) -> 870 | X17: =IFERROR(__xludf.DUMMYFUNCTION("""COMPUTED_VALUE"""),146899.0) -> 146899 | Y17: =IFERROR(__xludf.DUMMYFUNCTION("""COMPUTED_VALUE"""),18768.0) -> 18768 | Z17: =IFERROR(__xludf.DUMMYFUNCTION("""COMPUTED_VALUE"""),166810.0) -> 166810 | AA17: =IFERROR(__xludf.DUMMYFUNCTION("""COMPUTED_VALUE"""),26914.0) -> 26914 | AB17: =IFERROR(__xludf.DUMMYFUNCTION("""COMPUTED_VALUE"""),362435.0) -> 362435 | AC17: 1636129
B18: =IFERROR(__xludf.DUMMYFUNCTION("""COMPUTED_VALUE"""),"Total") -> Total | C18: =IFERROR(__xludf.DUMMYFUNCTION("""COMPUTED_VALUE"""),227884.0) -> 227884 | D18: =IFERROR(__xludf.DUMMYFUNCTION("""COMPUTED_VALUE"""),2891283.0) -> 2891283 | E18: =IFERROR(__xludf.DUMMYFUNCTION("""COMPUTED_VALUE"""),1646943.0) -> 1646943 | F18: =IFERROR(__xludf.DUMMYFUNCTION("""COMPUTED_VALUE"""),657995.0) -> 657995 | G18: =IFERROR(__xludf.DUMMYFUNCTION("""COMPUTED_VALUE"""),3459619.0) -> 3459619 | H18: 8883724 | J18: =IFERROR(__xludf.DUMMYFUNCTION("""COMPUTED_VALUE"""),"Total") -> Total | K18: =IFERROR(__xludf.DUMMYFUNCTION("""COMPUTED_VALUE"""),3237.0) -> 3237 | L18: =IFERROR(__xludf.DUMMYFUNCTION("""COMPUTED_VALUE"""),104339.0) -> 104339 | M18: =IFERROR(__xludf.DUMMYFUNCTION("""COMPUTED_VALUE"""),23207.0) -> 23207 | N18: =IFERROR(__xludf.DUMMYFUNCTION("""COMPUTED_VALUE"""),97101.0) -> 97101 | O18: =IFERROR(__xludf.DUMMYFUNCTION("""COMPUTED_VALUE"""),968981.0) -> 968981 | P18: =IFERROR(__xludf.DUMMYFUNCTION("""COMPUTED_VALUE"""),75095.0) -> 75095 | Q18: =IFERROR(__xludf.DUMMYFUNCTION("""COMPUTED_VALUE"""),1847207.0) -> 1847207 | R18: =IFERROR(__xludf.DUMMYFUNCTION("""COMPUTED_VALUE"""),709725.0) -> 709725 | S18: =IFERROR(__xludf.DUMMYFUNCTION("""COMPUTED_VALUE"""),147042.0) -> 147042 | T18: =IFERROR(__xludf.DUMMYFUNCTION("""COMPUTED_VALUE"""),790176.0) -> 790176 | U18: =IFERROR(__xludf.DUMMYFUNCTION("""COMPUTED_VALUE"""),356.0) -> 356 | V18: =IFERROR(__xludf.DUMMYFUNCTION("""COMPUTED_VALUE"""),249445.0) -> 249445 | W18: =IFERROR(__xludf.DUMMYFUNCTION("""COMPUTED_VALUE"""),33568.0) -> 33568 | X18: =IFERROR(__xludf.DUMMYFUNCTION("""COMPUTED_VALUE"""),374626.0) -> 374626 | Y18: =IFERROR(__xludf.DUMMYFUNCTION("""COMPUTED_VALUE"""),58092.0) -> 58092 | Z18: =IFERROR(__xludf.DUMMYFUNCTION("""COMPUTED_VALUE"""),1299275.0) -> 1299275 | AA18: =IFERROR(__xludf.DUMMYFUNCTION("""COMPUTED_VALUE"""),464394.0) -> 464394 | AB18: =IFERROR(__xludf.DUMMYFUNCTION("""COMPUTED_VALUE"""),1637858.0) -> 1637858 | AC18: 8883724
K22: =IFERROR(__xludf.DUMMYFUNCTION("transpose(split(K24,"",""))"),"Canada") -> Canada | L22: =IFERROR(__xludf.DUMMYFUNCTION("transpose(split(L24,"",""))"),"Canada") -> Canada | M22: =IFERROR(__xludf.DUMMYFUNCTION("transpose(split(M24,"",""))"),"Canada") -> Canada | N22: =IFERROR(__xludf.DUMMYFUNCTION("transpose(split(N24,"",""))"),"Canada") -> Canada | O22: =IFERROR(__xludf.DUMMYFUNCTION("transpose(split(O24,"",""))"),"China") -> China | P22: =IFERROR(__xludf.DUMMYFUNCTION("transpose(split(P24,"",""))"),"China") -> China | Q22: =IFERROR(__xludf.DUMMYFUNCTION("transpose(split(Q24,"",""))"),"China") -> China | R22: =IFERROR(__xludf.DUMMYFUNCTION("transpose(split(R24,"",""))"),"Europe") -> Europe | S22: =IFERROR(__xludf.DUMMYFUNCTION("transpose(split(S24,"",""))"),"Europe") -> Europe | T22: =IFERROR(__xludf.DUMMYFUNCTION("transpose(split(T24,"",""))"),"Europe") -> Europe | U22: =IFERROR(__xludf.DUMMYFUNCTION("transpose(split(U24,"",""))"),"ROW") -> ROW | V22: =IFERROR(__xludf.DUMMYFUNCTION("transpose(split(V24,"",""))"),"ROW") -> ROW | W22: =IFERROR(__xludf.DUMMYFUNCTION("transpose(split(W24,"",""))"),"ROW") -> ROW | X22: =IFERROR(__xludf.DUMMYFUNCTION("transpose(split(X24,"",""))"),"ROW") -> ROW | Y22: =IFERROR(__xludf.DUMMYFUNCTION("transpose(split(Y24,"",""))"),"USA") -> USA | Z22: =IFERROR(__xludf.DUMMYFUNCTION("transpose(split(Z24,"",""))"),"USA") -> USA | AA22: =IFERROR(__xludf.DUMMYFUNCTION("transpose(split(AA24,"",""))"),"USA") -> USA | AB22: =IFERROR(__xludf.DUMMYFUNCTION("transpose(split(AB24,"",""))"),"USA") -> USA | AC22: Total
B23: Deliveries | C23: =IFERROR(__xludf.DUMMYFUNCTION("transpose(split(C24,"",""))"),"Canada") -> Canada | D23: =IFERROR(__xludf.DUMMYFUNCTION("transpose(split(D24,"",""))"),"China") -> China | E23: =IFERROR(__xludf.DUMMYFUNCTION("transpose(split(E24,"",""))"),"Europe") -> Europe | F23: =IFERROR(__xludf.DUMMYFUNCTION("transpose(split(F24,"",""))"),"ROW") -> ROW | G23: =IFERROR(__xludf.DUMMYFUNCTION("transpose(split(G24,"",""))"),"USA") -> USA | H23: Total | J23: Deliveries | K23: =IFERROR(__xludf.DUMMYFUNCTION("""COMPUTED_VALUE"""),"Cybertruck") -> Cybertruck | L23: =IFERROR(__xludf.DUMMYFUNCTION("""COMPUTED_VALUE"""),"Model 3") -> Model 3 | M23: =IFERROR(__xludf.DUMMYFUNCTION("""COMPUTED_VALUE"""),"Model S/X") -> Model S/X | N23: =IFERROR(__xludf.DUMMYFUNCTION("""COMPUTED_VALUE"""),"Model Y") -> Model Y | O23: =IFERROR(__xludf.DUMMYFUNCTION("""COMPUTED_VALUE"""),"Model 3") -> Model 3 | P23: =IFERROR(__xludf.DUMMYFUNCTION("""COMPUTED_VALUE"""),"Model S/X") -> Model S/X | Q23: =IFERROR(__xludf.DUMMYFUNCTION("""COMPUTED_VALUE"""),"Model Y") -> Model Y | R23: =IFERROR(__xludf.DUMMYFUNCTION("""COMPUTED_VALUE"""),"Model 3") -> Model 3 | S23: =IFERROR(__xludf.DUMMYFUNCTION("""COMPUTED_VALUE"""),"Model S/X") -> Model S/X | T23: =IFERROR(__xludf.DUMMYFUNCTION("""COMPUTED_VALUE"""),"Model Y") -> Model Y | U23: =IFERROR(__xludf.DUMMYFUNCTION("""COMPUTED_VALUE"""),"Cybertruck") -> Cybertruck | V23: =IFERROR(__xludf.DUMMYFUNCTION("""COMPUTED_VALUE"""),"Model 3") -> Model 3 | W23: =IFERROR(__xludf.DUMMYFUNCTION("""COMPUTED_VALUE"""),"Model S/X") -> Model S/X | X23: =IFERROR(__xludf.DUMMYFUNCTION("""COMPUTED_VALUE"""),"Model Y") -> Model Y | Y23: =IFERROR(__xludf.DUMMYFUNCTION("""COMPUTED_VALUE"""),"Cybertruck") -> Cybertruck | Z23: =IFERROR(__xludf.DUMMYFUNCTION("""COMPUTED_VALUE"""),"Model 3") -> Model 3 | AA23: =IFERROR(__xludf.DUMMYFUNCTION("""COMPUTED_VALUE"""),"Model S/X") -> Model S/X | AB23: =IFERROR(__xludf.DUMMYFUNCTION("""COMPUTED_VALUE"""),"Model Y") -> Model Y | AC23: All models
B24: =IFERROR(__xludf.DUMMYFUNCTION("{query({Delivery_Data!$A:$I},""select Col3,sum(Col8) where Col3 is not null and Col8 is not null group by Col3 pivot Col6"",1);index(query({Delivery_Data!$A:$I},""select 'Total',sum(Col8) where Col3 is not null and Col8 is not null pivot Col6"",1),2,0)}"),"Quarter") -> Quarter | C24: =IFERROR(__xludf.DUMMYFUNCTION("""COMPUTED_VALUE"""),"Canada") -> Canada | D24: =IFERROR(__xludf.DUMMYFUNCTION("""COMPUTED_VALUE"""),"China") -> China | E24: =IFERROR(__xludf.DUMMYFUNCTION("""COMPUTED_VALUE"""),"Europe") -> Europe | F24: =IFERROR(__xludf.DUMMYFUNCTION("""COMPUTED_VALUE"""),"ROW") -> ROW | G24: =IFERROR(__xludf.DUMMYFUNCTION("""COMPUTED_VALUE"""),"USA") -> USA | H24: {={"Total";if($B25:$B79="",,mmult(n($C$25:$G$79),transpose(sign(column($C$25:$G$79)))))}} -> Total | J24: =IFERROR(__xludf.DUMMYFUNCTION("{query({Delivery_Data!$A:$I},""select Col3,sum(Col8) where Col3 is not null and Col8 is not null group by Col3 pivot Col6,Col4"",1);index(query({Delivery_Data!$A:$I},""select 'Total',sum(Col8) where Col3 is not null and Col8 is not null pivot Col6,Col4"","&"1),2,0)}"),"Quarter") -> Quarter | K24: =IFERROR(__xludf.DUMMYFUNCTION("""COMPUTED_VALUE"""),"Canada,Cybertruck") -> Canada,Cybertruck | L24: =IFERROR(__xludf.DUMMYFUNCTION("""COMPUTED_VALUE"""),"Canada,Model 3") -> Canada,Model 3 | M24: =IFERROR(__xludf.DUMMYFUNCTION("""COMPUTED_VALUE"""),"Canada,Model S/X") -> Canada,Model S/X | N24: =IFERROR(__xludf.DUMMYFUNCTION("""COMPUTED_VALUE"""),"Canada,Model Y") -> Canada,Model Y | O24: =IFERROR(__xludf.DUMMYFUNCTION("""COMPUTED_VALUE"""),"China,Model 3") -> China,Model 3 | P24: =IFERROR(__xludf.DUMMYFUNCTION("""COMPUTED_VALUE"""),"China,Model S/X") -> China,Model S/X | Q24: =IFERROR(__xludf.DUMMYFUNCTION("""COMPUTED_VALUE"""),"China,Model Y") -> China,Model Y | R24: =IFERROR(__xludf.DUMMYFUNCTION("""COMPUTED_VALUE"""),"Europe,Model 3") -> Europe,Model 3 | S24: =IFERROR(__xludf.DUMMYFUNCTION("""COMPUTED_VALUE"""),"Europe,Model S/X") -> Europe,Model S/X | T24: =IFERROR(__xludf.DUMMYFUNCTION("""COMPUTED_VALUE"""),"Europe,Model Y") -> Europe,Model Y | U24: =IFERROR(__xludf.DUMMYFUNCTION("""COMPUTED_VALUE"""),"ROW,Cybertruck") -> ROW,Cybertruck | V24: =IFERROR(__xludf.DUMMYFUNCTION("""COMPUTED_VALUE"""),"ROW,Model 3") -> ROW,Model 3 | W24: =IFERROR(__xludf.DUMMYFUNCTION("""COMPUTED_VALUE"""),"ROW,Model S/X") -> ROW,Model S/X | X24: =IFERROR(__xludf.DUMMYFUNCTION("""COMPUTED_VALUE"""),"ROW,Model Y") -> ROW,Model Y | Y24: =IFERROR(__xludf.DUMMYFUNCTION("""COMPUTED_VALUE"""),"USA,Cybertruck") -> USA,Cybertruck | Z24: =IFERROR(__xludf.DUMMYFUNCTION("""COMPUTED_VALUE"""),"USA,Model 3") -> USA,Model 3 | AA24: =IFERROR(__xludf.DUMMYFUNCTION("""COMPUTED_VALUE"""),"USA,Model S/X") -> USA,Model S/X | AB24: =IFERROR(__xludf.DUMMYFUNCTION("""COMPUTED_VALUE"""),"USA,Model Y") -> USA,Model Y | AC24: {={"Total";if($J25:$J79="",,mmult(n($K$25:$AB$79),transpose(sign(column($K$25:$AB$79)))))}} -> Total
B25: =IFERROR(__xludf.DUMMYFUNCTION("""COMPUTED_VALUE"""),"2012 Q3") -> 2012 Q3 | G25: =IFERROR(__xludf.DUMMYFUNCTION("""COMPUTED_VALUE"""),253.0) -> 253 | H25: 253 | J25: =IFERROR(__xludf.DUMMYFUNCTION("""COMPUTED_VALUE"""),"2012 Q3") -> 2012 Q3 | AA25: =IFERROR(__xludf.DUMMYFUNCTION("""COMPUTED_VALUE"""),253.0) -> 253 | AC25: 253
B26: =IFERROR(__xludf.DUMMYFUNCTION("""COMPUTED_VALUE"""),"2012 Q4") -> 2012 Q4 | C26: =IFERROR(__xludf.DUMMYFUNCTION("""COMPUTED_VALUE"""),95.0) -> 95 | G26: =IFERROR(__xludf.DUMMYFUNCTION("""COMPUTED_VALUE"""),2302.0) -> 2302 | H26: 2397 | J26: =IFERROR(__xludf.DUMMYFUNCTION("""COMPUTED_VALUE"""),"2012 Q4") -> 2012 Q4 | M26: =IFERROR(__xludf.DUMMYFUNCTION("""COMPUTED_VALUE"""),95.0) -> 95 | AA26: =IFERROR(__xludf.DUMMYFUNCTION("""COMPUTED_VALUE"""),2302.0) -> 2302 | AC26: 2397
B27: =IFERROR(__xludf.DUMMYFUNCTION("""COMPUTED_VALUE"""),"2013 Q1") -> 2013 Q1 | C27: =IFERROR(__xludf.DUMMYFUNCTION("""COMPUTED_VALUE"""),158.0) -> 158 | G27: =IFERROR(__xludf.DUMMYFUNCTION("""COMPUTED_VALUE"""),4753.0) -> 4753 | H27: 4911 | J27: =IFERROR(__xludf.DUMMYFUNCTION("""COMPUTED_VALUE"""),"2013 Q1") -> 2013 Q1 | M27: =IFERROR(__xludf.DUMMYFUNCTION("""COMPUTED_VALUE"""),158.0) -> 158 | AA27: =IFERROR(__xludf.DUMMYFUNCTION("""COMPUTED_VALUE"""),4753.0) -> 4753 | AC27: 4911
B28: =IFERROR(__xludf.DUMMYFUNCTION("""COMPUTED_VALUE"""),"2013 Q2") -> 2013 Q2 | C28: =IFERROR(__xludf.DUMMYFUNCTION("""COMPUTED_VALUE"""),184.0) -> 184 | G28: =IFERROR(__xludf.DUMMYFUNCTION("""COMPUTED_VALUE"""),4978.0) -> 4978 | H28: 5162 | J28: =IFERROR(__xludf.DUMMYFUNCTION("""COMPUTED_VALUE"""),"2013 Q2") -> 2013 Q2 | M28: =IFERROR(__xludf.DUMMYFUNCTION("""COMPUTED_VALUE"""),184.0) -> 184 | AA28: =IFERROR(__xludf.DUMMYFUNCTION("""COMPUTED_VALUE"""),4978.0) -> 4978 | AC28: 5162
B29: =IFERROR(__xludf.DUMMYFUNCTION("""COMPUTED_VALUE"""),"2013 Q3") -> 2013 Q3 | C29: =IFERROR(__xludf.DUMMYFUNCTION("""COMPUTED_VALUE"""),162.0) -> 162 | E29: =IFERROR(__xludf.DUMMYFUNCTION("""COMPUTED_VALUE"""),1224.0) -> 1224 | G29: =IFERROR(__xludf.DUMMYFUNCTION("""COMPUTED_VALUE"""),4126.0) -> 4126 | H29: 5512 | J29: =IFERROR(__xludf.DUMMYFUNCTION("""COMPUTED_VALUE"""),"2013 Q3") -> 2013 Q3 | M29: =IFERROR(__xludf.DUMMYFUNCTION("""COMPUTED_VALUE"""),162.0) -> 162 | S29: =IFERROR(__xludf.DUMMYFUNCTION("""COMPUTED_VALUE"""),1224.0) -> 1224 | AA29: =IFERROR(__xludf.DUMMYFUNCTION("""COMPUTED_VALUE"""),4126.0) -> 4126 | AC29: 5512
B30: =IFERROR(__xludf.DUMMYFUNCTION("""COMPUTED_VALUE"""),"2013 Q4") -> 2013 Q4 | C30: =IFERROR(__xludf.DUMMYFUNCTION("""COMPUTED_VALUE"""),134.0) -> 134 | E30: =IFERROR(__xludf.DUMMYFUNCTION("""COMPUTED_VALUE"""),2669.0) -> 2669 | G30: =IFERROR(__xludf.DUMMYFUNCTION("""COMPUTED_VALUE"""),4089.0) -> 4089 | H30: 6892 | J30: =IFERROR(__xludf.DUMMYFUNCTION("""COMPUTED_VALUE"""),"2013 Q4") -> 2013 Q4 | M30: =IFERROR(__xludf.DUMMYFUNCTION("""COMPUTED_VALUE"""),134.0) -> 134 | S30: =IFERROR(__xludf.DUMMYFUNCTION("""COMPUTED_VALUE"""),2669.0) -> 2669 | AA30: =IFERROR(__xludf.DUMMYFUNCTION("""COMPUTED_VALUE"""),4089.0) -> 4089 | AC30: 6892
B31: =IFERROR(__xludf.DUMMYFUNCTION("""COMPUTED_VALUE"""),"2014 Q1") -> 2014 Q1 | C31: =IFERROR(__xludf.DUMMYFUNCTION("""COMPUTED_VALUE"""),158.0) -> 158 | D31: =IFERROR(__xludf.DUMMYFUNCTION("""COMPUTED_VALUE"""),3.0) -> 3 | E31: =IFERROR(__xludf.DUMMYFUNCTION("""COMPUTED_VALUE"""),3073.0) -> 3073 | G31: =IFERROR(__xludf.DUMMYFUNCTION("""COMPUTED_VALUE"""),3223.0) -> 3223 | H31: 6457 | J31: =IFERROR(__xludf.DUMMYFUNCTION("""COMPUTED_VALUE"""),"2014 Q1") -> 2014 Q1 | M31: =IFERROR(__xludf.DUMMYFUNCTION("""COMPUTED_VALUE"""),158.0) -> 158 | P31: =IFERROR(__xludf.DUMMYFUNCTION("""COMPUTED_VALUE"""),3.0) -> 3 | S31: =IFERROR(__xludf.DUMMYFUNCTION("""COMPUTED_VALUE"""),3073.0) -> 3073 | AA31: =IFERROR(__xludf.DUMMYFUNCTION("""COMPUTED_VALUE"""),3223.0) -> 3223 | AC31: 6457
B32: =IFERROR(__xludf.DUMMYFUNCTION("""COMPUTED_VALUE"""),"2014 Q2") -> 2014 Q2 | C32: =IFERROR(__xludf.DUMMYFUNCTION("""COMPUTED_VALUE"""),186.0) -> 186 | D32: =IFERROR(__xludf.DUMMYFUNCTION("""COMPUTED_VALUE"""),1543.0) -> 1543 | E32: =IFERROR(__xludf.DUMMYFUNCTION("""COMPUTED_VALUE"""),2519.0) -> 2519 | G32: =IFERROR(__xludf.DUMMYFUNCTION("""COMPUTED_VALUE"""),3331.0) -> 3331 | H32: 7579 | J32: =IFERROR(__xludf.DUMMYFUNCTION("""COMPUTED_VALUE"""),"2014 Q2") -> 2014 Q2 | M32: =IFERROR(__xludf.DUMMYFUNCTION("""COMPUTED_VALUE"""),186.0) -> 186 | P32: =IFERROR(__xludf.DUMMYFUNCTION("""COMPUTED_VALUE"""),1543.0) -> 1543 | S32: =IFERROR(__xludf.DUMMYFUNCTION("""COMPUTED_VALUE"""),2519.0) -> 2519 | AA32: =IFERROR(__xludf.DUMMYFUNCTION("""COMPUTED_VALUE"""),3331.0) -> 3331 | AC32: 7579
B33: =IFERROR(__xludf.DUMMYFUNCTION("""COMPUTED_VALUE"""),"2014 Q3") -> 2014 Q3 | C33: =IFERROR(__xludf.DUMMYFUNCTION("""COMPUTED_VALUE"""),230.0) -> 230 | D33: =IFERROR(__xludf.DUMMYFUNCTION("""COMPUTED_VALUE"""),1026.0) -> 1026 | E33: =IFERROR(__xludf.DUMMYFUNCTION("""COMPUTED_VALUE"""),1653.0) -> 1653 | F33: =IFERROR(__xludf.DUMMYFUNCTION("""COMPUTED_VALUE"""),162.0) -> 162 | G33: =IFERROR(__xludf.DUMMYFUNCTION("""COMPUTED_VALUE"""),4714.0) -> 4714 | H33: 7785 | J33: =IFERROR(__xludf.DUMMYFUNCTION("""COMPUTED_VALUE"""),"2014 Q3") -> 2014 Q3 | M33: =IFERROR(__xludf.DUMMYFUNCTION("""COMPUTED_VALUE"""),230.0) -> 230 | P33: =IFERROR(__xludf.DUMMYFUNCTION("""COMPUTED_VALUE"""),1026.0) -> 1026 | S33: =IFERROR(__xludf.DUMMYFUNCTION("""COMPUTED_VALUE"""),1653.0) -> 1653 | W33: =IFERROR(__xludf.DUMMYFUNCTION("""COMPUTED_VALUE"""),162.0) -> 162 | AA33: =IFERROR(__xludf.DUMMYFUNCTION("""COMPUTED_VALUE"""),4714.0) -> 4714 | AC33: 7785
B34: =IFERROR(__xludf.DUMMYFUNCTION("""COMPUTED_VALUE"""),"2014 Q4") -> 2014 Q4 | C34: =IFERROR(__xludf.DUMMYFUNCTION("""COMPUTED_VALUE"""),210.0) -> 210 | D34: =IFERROR(__xludf.DUMMYFUNCTION("""COMPUTED_VALUE"""),1550.0) -> 1550 | E34: =IFERROR(__xludf.DUMMYFUNCTION("""COMPUTED_VALUE"""),2276.0) -> 2276 | F34: =IFERROR(__xludf.DUMMYFUNCTION("""COMPUTED_VALUE"""),377.0) -> 377 | G34: =IFERROR(__xludf.DUMMYFUNCTION("""COMPUTED_VALUE"""),5421.0) -> 5421 | H34: 9834 | J34: =IFERROR(__xludf.DUMMYFUNCTION("""COMPUTED_VALUE"""),"2014 Q4") -> 2014 Q4 | M34: =IFERROR(__xludf.DUMMYFUNCTION("""COMPUTED_VALUE"""),210.0) -> 210 | P34: =IFERROR(__xludf.DUMMYFUNCTION("""COMPUTED_VALUE"""),1550.0) -> 1550 | S34: =IFERROR(__xludf.DUMMYFUNCTION("""COMPUTED_VALUE"""),2276.0) -> 2276 | W34: =IFERROR(__xludf.DUMMYFUNCTION("""COMPUTED_VALUE"""),377.0) -> 377 | AA34: =IFERROR(__xludf.DUMMYFUNCTION("""COMPUTED_VALUE"""),5421.0) -> 5421 | AC34: 9834
B35: =IFERROR(__xludf.DUMMYFUNCTION("""COMPUTED_VALUE"""),"2015 Q1") -> 2015 Q1 | C35: =IFERROR(__xludf.DUMMYFUNCTION("""COMPUTED_VALUE"""),290.0) -> 290 | D35: =IFERROR(__xludf.DUMMYFUNCTION("""COMPUTED_VALUE"""),1055.0) -> 1055 | E35: =IFERROR(__xludf.DUMMYFUNCTION("""COMPUTED_VALUE"""),3465.0) -> 3465 | F35: =IFERROR(__xludf.DUMMYFUNCTION("""COMPUTED_VALUE"""),610.0) -> 610 | G35: =IFERROR(__xludf.DUMMYFUNCTION("""COMPUTED_VALUE"""),4625.0) -> 4625 | H35: 10045 | J35: =IFERROR(__xludf.DUMMYFUNCTION("""COMPUTED_VALUE"""),"2015 Q1") -> 2015 Q1 | M35: =IFERROR(__xludf.DUMMYFUNCTION("""COMPUTED_VALUE"""),290.0) -> 290 | P35: =IFERROR(__xludf.DUMMYFUNCTION("""COMPUTED_VALUE"""),1055.0) -> 1055 | S35: =IFERROR(__xludf.DUMMYFUNCTION("""COMPUTED_VALUE"""),3465.0) -> 3465 | W35: =IFERROR(__xludf.DUMMYFUNCTION("""COMPUTED_VALUE"""),610.0) -> 610 | AA35: =IFERROR(__xludf.DUMMYFUNCTION("""COMPUTED_VALUE"""),4625.0) -> 4625 | AC35: 10045
B36: =IFERROR(__xludf.DUMMYFUNCTION("""COMPUTED_VALUE"""),"2015 Q2") -> 2015 Q2 | C36: =IFERROR(__xludf.DUMMYFUNCTION("""COMPUTED_VALUE"""),382.0) -> 382 | D36: =IFERROR(__xludf.DUMMYFUNCTION("""COMPUTED_VALUE"""),737.0) -> 737 | E36: =IFERROR(__xludf.DUMMYFUNCTION("""COMPUTED_VALUE"""),3891.0) -> 3891 | F36: =IFERROR(__xludf.DUMMYFUNCTION("""COMPUTED_VALUE"""),499.0) -> 499 | G36: =IFERROR(__xludf.DUMMYFUNCTION("""COMPUTED_VALUE"""),6023.0) -> 6023 | H36: 11532 | J36: =IFERROR(__xludf.DUMMYFUNCTION("""COMPUTED_VALUE"""),"2015 Q2") -> 2015 Q2 | M36: =IFERROR(__xludf.DUMMYFUNCTION("""COMPUTED_VALUE"""),382.0) -> 382 | P36: =IFERROR(__xludf.DUMMYFUNCTION("""COMPUTED_VALUE"""),737.0) -> 737 | S36: =IFERROR(__xludf.DUMMYFUNCTION("""COMPUTED_VALUE"""),3891.0) -> 3891 | W36: =IFERROR(__xludf.DUMMYFUNCTION("""COMPUTED_VALUE"""),499.0) -> 499 | AA36: =IFERROR(__xludf.DUMMYFUNCTION("""COMPUTED_VALUE"""),6023.0) -> 6023 | AC36: 11532
B37: =IFERROR(__xludf.DUMMYFUNCTION("""COMPUTED_VALUE"""),"2015 Q3") -> 2015 Q3 | C37: =IFERROR(__xludf.DUMMYFUNCTION("""COMPUTED_VALUE"""),386.0) -> 386 | D37: =IFERROR(__xludf.DUMMYFUNCTION("""COMPUTED_VALUE"""),842.0) -> 842 | E37: =IFERROR(__xludf.DUMMYFUNCTION("""COMPUTED_VALUE"""),3520.0) -> 3520 | F37: =IFERROR(__xludf.DUMMYFUNCTION("""COMPUTED_VALUE"""),793.0) -> 793 | G37: =IFERROR(__xludf.DUMMYFUNCTION("""COMPUTED_VALUE"""),6062.0) -> 6062 | H37: 11603 | J37: =IFERROR(__xludf.DUMMYFUNCTION("""COMPUTED_VALUE"""),"2015 Q3") -> 2015 Q3 | M37: =IFERROR(__xludf.DUMMYFUNCTION("""COMPUTED_VALUE"""),386.0) -> 386 | P37: =IFERROR(__xludf.DUMMYFUNCTION("""COMPUTED_VALUE"""),842.0) -> 842 | S37: =IFERROR(__xludf.DUMMYFUNCTION("""COMPUTED_VALUE"""),3520.0) -> 3520 | W37: =IFERROR(__xludf.DUMMYFUNCTION("""COMPUTED_VALUE"""),793.0) -> 793 | AA37: =IFERROR(__xludf.DUMMYFUNCTION("""COMPUTED_VALUE"""),6062.0) -> 6062 | AC37: 11603
B38: =IFERROR(__xludf.DUMMYFUNCTION("""COMPUTED_VALUE"""),"2015 Q4") -> 2015 Q4 | C38: =IFERROR(__xludf.DUMMYFUNCTION("""COMPUTED_VALUE"""),542.0) -> 542 | D38: =IFERROR(__xludf.DUMMYFUNCTION("""COMPUTED_VALUE"""),1058.0) -> 1058 | E38: =IFERROR(__xludf.DUMMYFUNCTION("""COMPUTED_VALUE"""),5825.0) -> 5825 | F38: =IFERROR(__xludf.DUMMYFUNCTION("""COMPUTED_VALUE"""),1561.0) -> 1561 | G38: =IFERROR(__xludf.DUMMYFUNCTION("""COMPUTED_VALUE"""),8492.0) -> 8492 | H38: 17478 | J38: =IFERROR(__xludf.DUMMYFUNCTION("""COMPUTED_VALUE"""),"2015 Q4") -> 2015 Q4 | M38: =IFERROR(__xludf.DUMMYFUNCTION("""COMPUTED_VALUE"""),542.0) -> 542 | P38: =IFERROR(__xludf.DUMMYFUNCTION("""COMPUTED_VALUE"""),1058.0) -> 1058 | S38: =IFERROR(__xludf.DUMMYFUNCTION("""COMPUTED_VALUE"""),5825.0) -> 5825 | W38: =IFERROR(__xludf.DUMMYFUNCTION("""COMPUTED_VALUE"""),1561.0) -> 1561 | AA38: =IFERROR(__xludf.DUMMYFUNCTION("""COMPUTED_VALUE"""),8492.0) -> 8492 | AC38: 17478
B39: =IFERROR(__xludf.DUMMYFUNCTION("""COMPUTED_VALUE"""),"2016 Q1") -> 2016 Q1 | C39: =IFERROR(__xludf.DUMMYFUNCTION("""COMPUTED_VALUE"""),398.0) -> 398 | D39: =IFERROR(__xludf.DUMMYFUNCTION("""COMPUTED_VALUE"""),1361.0) -> 1361 | E39: =IFERROR(__xludf.DUMMYFUNCTION("""COMPUTED_VALUE"""),3849.0) -> 3849 | F39: =IFERROR(__xludf.DUMMYFUNCTION("""COMPUTED_VALUE"""),1150.0) -> 1150 | G39: =IFERROR(__xludf.DUMMYFUNCTION("""COMPUTED_VALUE"""),8052.0) -> 8052 | H39: 14810 | J39: =IFERROR(__xludf.DUMMYFUNCTION("""COMPUTED_VALUE"""),"2016 Q1") -> 2016 Q1 | M39: =IFERROR(__xludf.DUMMYFUNCTION("""COMPUTED_VALUE"""),398.0) -> 398 | P39: =IFERROR(__xludf.DUMMYFUNCTION("""COMPUTED_VALUE"""),1361.0) -> 1361 | S39: =IFERROR(__xludf.DUMMYFUNCTION("""COMPUTED_VALUE"""),3849.0) -> 3849 | W39: =IFERROR(__xludf.DUMMYFUNCTION("""COMPUTED_VALUE"""),1150.0) -> 1150 | AA39: =IFERROR(__xludf.DUMMYFUNCTION("""COMPUTED_VALUE"""),8052.0) -> 8052 | AC39: 14810
B40: =IFERROR(__xludf.DUMMYFUNCTION("""COMPUTED_VALUE"""),"2016 Q2") -> 2016 Q2 | C40: =IFERROR(__xludf.DUMMYFUNCTION("""COMPUTED_VALUE"""),465.0) -> 465 | D40: =IFERROR(__xludf.DUMMYFUNCTION("""COMPUTED_VALUE"""),782.0) -> 782 | E40: =IFERROR(__xludf.DUMMYFUNCTION("""COMPUTED_VALUE"""),2980.0) -> 2980 | F40: =IFERROR(__xludf.DUMMYFUNCTION("""COMPUTED_VALUE"""),564.0) -> 564 | G40: =IFERROR(__xludf.DUMMYFUNCTION("""COMPUTED_VALUE"""),9611.0) -> 9611 | H40: 14402 | J40: =IFERROR(__xludf.DUMMYFUNCTION("""COMPUTED_VALUE"""),"2016 Q2") -> 2016 Q2 | M40: =IFERROR(__xludf.DUMMYFUNCTION("""COMPUTED_VALUE"""),465.0) -> 465 | P40: =IFERROR(__xludf.DUMMYFUNCTION("""COMPUTED_VALUE"""),782.0) -> 782 | S40: =IFERROR(__xludf.DUMMYFUNCTION("""COMPUTED_VALUE"""),2980.0) -> 2980 | W40: =IFERROR(__xludf.DUMMYFUNCTION("""COMPUTED_VALUE"""),564.0) -> 564 | AA40: =IFERROR(__xludf.DUMMYFUNCTION("""COMPUTED_VALUE"""),9611.0) -> 9611 | AC40: 14402
B41: =IFERROR(__xludf.DUMMYFUNCTION("""COMPUTED_VALUE"""),"2016 Q3") -> 2016 Q3 | C41: =IFERROR(__xludf.DUMMYFUNCTION("""COMPUTED_VALUE"""),743.0) -> 743 | D41: =IFERROR(__xludf.DUMMYFUNCTION("""COMPUTED_VALUE"""),3324.0) -> 3324 | E41: =IFERROR(__xludf.DUMMYFUNCTION("""COMPUTED_VALUE"""),5001.0) -> 5001 | F41: =IFERROR(__xludf.DUMMYFUNCTION("""COMPUTED_VALUE"""),1265.0) -> 1265 | G41: =IFERROR(__xludf.DUMMYFUNCTION("""COMPUTED_VALUE"""),14488.0) -> 14488 | H41: 24821 | J41: =IFERROR(__xludf.DUMMYFUNCTION("""COMPUTED_VALUE"""),"2016 Q3") -> 2016 Q3 | M41: =IFERROR(__xludf.DUMMYFUNCTION("""COMPUTED_VALUE"""),743.0) -> 743 | P41: =IFERROR(__xludf.DUMMYFUNCTION("""COMPUTED_VALUE"""),3324.0) -> 3324 | S41: =IFERROR(__xludf.DUMMYFUNCTION("""COMPUTED_VALUE"""),5001.0) -> 5001 | W41: =IFERROR(__xludf.DUMMYFUNCTION("""COMPUTED_VALUE"""),1265.0) -> 1265 | AA41: =IFERROR(__xludf.DUMMYFUNCTION("""COMPUTED_VALUE"""),14488.0) -> 14488 | AC41: 24821
B42: =IFERROR(__xludf.DUMMYFUNCTION("""COMPUTED_VALUE"""),"2016 Q4") -> 2016 Q4 | C42: =IFERROR(__xludf.DUMMYFUNCTION("""COMPUTED_VALUE"""),677.0) -> 677 | D42: =IFERROR(__xludf.DUMMYFUNCTION("""COMPUTED_VALUE"""),2910.0) -> 2910 | E42: =IFERROR(__xludf.DUMMYFUNCTION("""COMPUTED_VALUE"""),4400.0) -> 4400 | F42: =IFERROR(__xludf.DUMMYFUNCTION("""COMPUTED_VALUE"""),681.0) -> 681 | G42: =IFERROR(__xludf.DUMMYFUNCTION("""COMPUTED_VALUE"""),13584.0) -> 13584 | H42: 22252 | J42: =IFERROR(__xludf.DUMMYFUNCTION("""COMPUTED_VALUE"""),"2016 Q4") -> 2016 Q4 | M42: =IFERROR(__xludf.DUMMYFUNCTION("""COMPUTED_VALUE"""),677.0) -> 677 | P42: =IFERROR(__xludf.DUMMYFUNCTION("""COMPUTED_VALUE"""),2910.0) -> 2910 | S42: =IFERROR(__xludf.DUMMYFUNCTION("""COMPUTED_VALUE"""),4400.0) -> 4400 | W42: =IFERROR(__xludf.DUMMYFUNCTION("""COMPUTED_VALUE"""),681.0) -> 681 | AA42: =IFERROR(__xludf.DUMMYFUNCTION("""COMPUTED_VALUE"""),13584.0) -> 13584 | AC42: 22252
B43: =IFERROR(__xludf.DUMMYFUNCTION("""COMPUTED_VALUE"""),"2017 Q1") -> 2017 Q1 | C43: =IFERROR(__xludf.DUMMYFUNCTION("""COMPUTED_VALUE"""),558.0) -> 558 | D43: =IFERROR(__xludf.DUMMYFUNCTION("""COMPUTED_VALUE"""),2285.0) -> 2285 | E43: =IFERROR(__xludf.DUMMYFUNCTION("""COMPUTED_VALUE"""),6689.0) -> 6689 | F43: =IFERROR(__xludf.DUMMYFUNCTION("""COMPUTED_VALUE"""),4408.0) -> 4408 | G43: =IFERROR(__xludf.DUMMYFUNCTION("""COMPUTED_VALUE"""),11111.0) -> 11111 | H43: 25051 | J43: =IFERROR(__xludf.DUMMYFUNCTION("""COMPUTED_VALUE"""),"2017 Q1") -> 2017 Q1 | M43: =IFERROR(__xludf.DUMMYFUNCTION("""COMPUTED_VALUE"""),558.0) -> 558 | P43: =IFERROR(__xludf.DUMMYFUNCTION("""COMPUTED_VALUE"""),2285.0) -> 2285 | S43: =IFERROR(__xludf.DUMMYFUNCTION("""COMPUTED_VALUE"""),6689.0) -> 6689 | W43: =IFERROR(__xludf.DUMMYFUNCTION("""COMPUTED_VALUE"""),4408.0) -> 4408 | AA43: =IFERROR(__xludf.DUMMYFUNCTION("""COMPUTED_VALUE"""),11111.0) -> 11111 | AC43: 25051
B44: =IFERROR(__xludf.DUMMYFUNCTION("""COMPUTED_VALUE"""),"2017 Q2") -> 2017 Q2 | C44: =IFERROR(__xludf.DUMMYFUNCTION("""COMPUTED_VALUE"""),549.0) -> 549 | D44: =IFERROR(__xludf.DUMMYFUNCTION("""COMPUTED_VALUE"""),4026.0) -> 4026 | E44: =IFERROR(__xludf.DUMMYFUNCTION("""COMPUTED_VALUE"""),5541.0) -> 5541 | F44: =IFERROR(__xludf.DUMMYFUNCTION("""COMPUTED_VALUE"""),806.0) -> 806 | G44: =IFERROR(__xludf.DUMMYFUNCTION("""COMPUTED_VALUE"""),11104.0) -> 11104 | H44: 22026 | J44: =IFERROR(__xludf.DUMMYFUNCTION("""COMPUTED_VALUE"""),"2017 Q2") -> 2017 Q2 | M44: =IFERROR(__xludf.DUMMYFUNCTION("""COMPUTED_VALUE"""),549.0) -> 549 | P44: =IFERROR(__xludf.DUMMYFUNCTION("""COMPUTED_VALUE"""),4026.0) -> 4026 | S44: =IFERROR(__xludf.DUMMYFUNCTION("""COMPUTED_VALUE"""),5541.0) -> 5541 | W44: =IFERROR(__xludf.DUMMYFUNCTION("""COMPUTED_VALUE"""),806.0) -> 806 | AA44: =IFERROR(__xludf.DUMMYFUNCTION("""COMPUTED_VALUE"""),11104.0) -> 11104 | AC44: 22026
B45: =IFERROR(__xludf.DUMMYFUNCTION("""COMPUTED_VALUE"""),"2017 Q3") -> 2017 Q3 | C45: =IFERROR(__xludf.DUMMYFUNCTION("""COMPUTED_VALUE"""),559.0) -> 559 | D45: =IFERROR(__xludf.DUMMYFUNCTION("""COMPUTED_VALUE"""),4992.0) -> 4992 | E45: =IFERROR(__xludf.DUMMYFUNCTION("""COMPUTED_VALUE"""),7105.0) -> 7105 | F45: =IFERROR(__xludf.DUMMYFUNCTION("""COMPUTED_VALUE"""),893.0) -> 893 | G45: =IFERROR(__xludf.DUMMYFUNCTION("""COMPUTED_VALUE"""),12588.0) -> 12588 | H45: 26137 | J45: =IFERROR(__xludf.DUMMYFUNCTION("""COMPUTED_VALUE"""),"2017 Q3") -> 2017 Q3 | M45: =IFERROR(__xludf.DUMMYFUNCTION("""COMPUTED_VALUE"""),559.0) -> 559 | P45: =IFERROR(__xludf.DUMMYFUNCTION("""COMPUTED_VALUE"""),4992.0) -> 4992 | S45: =IFERROR(__xludf.DUMMYFUNCTION("""COMPUTED_VALUE"""),7105.0) -> 7105 | W45: =IFERROR(__xludf.DUMMYFUNCTION("""COMPUTED_VALUE"""),893.0) -> 893 | Z45: =IFERROR(__xludf.DUMMYFUNCTION("""COMPUTED_VALUE"""),222.0) -> 222 | AA45: =IFERROR(__xludf.DUMMYFUNCTION("""COMPUTED_VALUE"""),12366.0) -> 12366 | AC45: 26137
B46: =IFERROR(__xludf.DUMMYFUNCTION("""COMPUTED_VALUE"""),"2017 Q4") -> 2017 Q4 | C46: =IFERROR(__xludf.DUMMYFUNCTION("""COMPUTED_VALUE"""),695.0) -> 695 | D46: =IFERROR(__xludf.DUMMYFUNCTION("""COMPUTED_VALUE"""),3526.0) -> 3526 | E46: =IFERROR(__xludf.DUMMYFUNCTION("""COMPUTED_VALUE"""),8944.0) -> 8944 | F46: =IFERROR(__xludf.DUMMYFUNCTION("""COMPUTED_VALUE"""),1216.0) -> 1216 | G46: =IFERROR(__xludf.DUMMYFUNCTION("""COMPUTED_VALUE"""),15586.0) -> 15586 | H46: 29967 | J46: =IFERROR(__xludf.DUMMYFUNCTION("""COMPUTED_VALUE"""),"2017 Q4") -> 2017 Q4 | M46: =IFERROR(__xludf.DUMMYFUNCTION("""COMPUTED_VALUE"""),695.0) -> 695 | P46: =IFERROR(__xludf.DUMMYFUNCTION("""COMPUTED_VALUE"""),3526.0) -> 3526 | S46: =IFERROR(__xludf.DUMMYFUNCTION("""COMPUTED_VALUE"""),8944.0) -> 8944 | W46: =IFERROR(__xludf.DUMMYFUNCTION("""COMPUTED_VALUE"""),1216.0) -> 1216 | Z46: =IFERROR(__xludf.DUMMYFUNCTION("""COMPUTED_VALUE"""),1542.0) -> 1542 | AA46: =IFERROR(__xludf.DUMMYFUNCTION("""COMPUTED_VALUE"""),14044.0) -> 14044 | AC46: 29967
B47: =IFERROR(__xludf.DUMMYFUNCTION("""COMPUTED_VALUE"""),"2018 Q1") -> 2018 Q1 | C47: =IFERROR(__xludf.DUMMYFUNCTION("""COMPUTED_VALUE"""),506.0) -> 506 | D47: =IFERROR(__xludf.DUMMYFUNCTION("""COMPUTED_VALUE"""),4187.0) -> 4187 | E47: =IFERROR(__xludf.DUMMYFUNCTION("""COMPUTED_VALUE"""),6124.0) -> 6124 | F47: =IFERROR(__xludf.DUMMYFUNCTION("""COMPUTED_VALUE"""),792.0) -> 792 | G47: =IFERROR(__xludf.DUMMYFUNCTION("""COMPUTED_VALUE"""),18388.0) -> 18388 | H47: 29997 | J47: =IFERROR(__xludf.DUMMYFUNCTION("""COMPUTED_VALUE"""),"2018 Q1") -> 2018 Q1 | M47: =IFERROR(__xludf.DUMMYFUNCTION("""COMPUTED_VALUE"""),506.0) -> 506 | P47: =IFERROR(__xludf.DUMMYFUNCTION("""COMPUTED_VALUE"""),4187.0) -> 4187 | S47: =IFERROR(__xludf.DUMMYFUNCTION("""COMPUTED_VALUE"""),6124.0) -> 6124 | W47: =IFERROR(__xludf.DUMMYFUNCTION("""COMPUTED_VALUE"""),792.0) -> 792 | Z47: =IFERROR(__xludf.DUMMYFUNCTION("""COMPUTED_VALUE"""),8182.0) -> 8182 | AA47: =IFERROR(__xludf.DUMMYFUNCTION("""COMPUTED_VALUE"""),10206.0) -> 10206 | AC47: 29997
B48: =IFERROR(__xludf.DUMMYFUNCTION("""COMPUTED_VALUE"""),"2018 Q2") -> 2018 Q2 | C48: =IFERROR(__xludf.DUMMYFUNCTION("""COMPUTED_VALUE"""),1748.0) -> 1748 | D48: =IFERROR(__xludf.DUMMYFUNCTION("""COMPUTED_VALUE"""),5287.0) -> 5287 | E48: =IFERROR(__xludf.DUMMYFUNCTION("""COMPUTED_VALUE"""),7197.0) -> 7197 | F48: =IFERROR(__xludf.DUMMYFUNCTION("""COMPUTED_VALUE"""),764.0) -> 764 | G48: =IFERROR(__xludf.DUMMYFUNCTION("""COMPUTED_VALUE"""),25772.0) -> 25772 | H48: 40768 | J48: =IFERROR(__xludf.DUMMYFUNCTION("""COMPUTED_VALUE"""),"2018 Q2") -> 2018 Q2 | L48: =IFERROR(__xludf.DUMMYFUNCTION("""COMPUTED_VALUE"""),1331.0) -> 1331 | M48: =IFERROR(__xludf.DUMMYFUNCTION("""COMPUTED_VALUE"""),417.0) -> 417 | P48: =IFERROR(__xludf.DUMMYFUNCTION("""COMPUTED_VALUE"""),5287.0) -> 5287 | S48: =IFERROR(__xludf.DUMMYFUNCTION("""COMPUTED_VALUE"""),7197.0) -> 7197 | W48: =IFERROR(__xludf.DUMMYFUNCTION("""COMPUTED_VALUE"""),764.0) -> 764 | Z48: =IFERROR(__xludf.DUMMYFUNCTION("""COMPUTED_VALUE"""),17118.0) -> 17118 | AA48: =IFERROR(__xludf.DUMMYFUNCTION("""COMPUTED_VALUE"""),8654.0) -> 8654 | AC48: 40768
B49: =IFERROR(__xludf.DUMMYFUNCTION("""COMPUTED_VALUE"""),"2018 Q3") -> 2018 Q3 | C49: =IFERROR(__xludf.DUMMYFUNCTION("""COMPUTED_VALUE"""),2450.0) -> 2450 | D49: =IFERROR(__xludf.DUMMYFUNCTION("""COMPUTED_VALUE"""),2871.0) -> 2871 | E49: =IFERROR(__xludf.DUMMYFUNCTION("""COMPUTED_VALUE"""),7777.0) -> 7777 | F49: =IFERROR(__xludf.DUMMYFUNCTION("""COMPUTED_VALUE"""),858.0) -> 858 | G49: =IFERROR(__xludf.DUMMYFUNCTION("""COMPUTED_VALUE"""),69819.0) -> 69819 | H49: 83775 | J49: =IFERROR(__xludf.DUMMYFUNCTION("""COMPUTED_VALUE"""),"2018 Q3") -> 2018 Q3 | L49: =IFERROR(__xludf.DUMMYFUNCTION("""COMPUTED_VALUE"""),1712.0) -> 1712 | M49: =IFERROR(__xludf.DUMMYFUNCTION("""COMPUTED_VALUE"""),738.0) -> 738 | P49: =IFERROR(__xludf.DUMMYFUNCTION("""COMPUTED_VALUE"""),2871.0) -> 2871 | S49: =IFERROR(__xludf.DUMMYFUNCTION("""COMPUTED_VALUE"""),7777.0) -> 7777 | W49: =IFERROR(__xludf.DUMMYFUNCTION("""COMPUTED_VALUE"""),858.0) -> 858 | Z49: =IFERROR(__xludf.DUMMYFUNCTION("""COMPUTED_VALUE"""),54353.0) -> 54353 | AA49: =IFERROR(__xludf.DUMMYFUNCTION("""COMPUTED_VALUE"""),15466.0) -> 15466 | AC49: 83775
B50: =IFERROR(__xludf.DUMMYFUNCTION("""COMPUTED_VALUE"""),"2018 Q4") -> 2018 Q4 | C50: =IFERROR(__xludf.DUMMYFUNCTION("""COMPUTED_VALUE"""),2496.0) -> 2496 | D50: =IFERROR(__xludf.DUMMYFUNCTION("""COMPUTED_VALUE"""),2684.0) -> 2684 | E50: =IFERROR(__xludf.DUMMYFUNCTION("""COMPUTED_VALUE"""),8159.0) -> 8159 | F50: =IFERROR(__xludf.DUMMYFUNCTION("""COMPUTED_VALUE"""),965.0) -> 965 | G50: =IFERROR(__xludf.DUMMYFUNCTION("""COMPUTED_VALUE"""),76662.0) -> 76662 | H50: 90966 | J50: =IFERROR(__xludf.DUMMYFUNCTION("""COMPUTED_VALUE"""),"2018 Q4") -> 2018 Q4 | L50: =IFERROR(__xludf.DUMMYFUNCTION("""COMPUTED_VALUE"""),1753.0) -> 1753 | M50: =IFERROR(__xludf.DUMMYFUNCTION("""COMPUTED_VALUE"""),743.0) -> 743 | P50: =IFERROR(__xludf.DUMMYFUNCTION("""COMPUTED_VALUE"""),2684.0) -> 2684 | S50: =IFERROR(__xludf.DUMMYFUNCTION("""COMPUTED_VALUE"""),8159.0) -> 8159 | W50: =IFERROR(__xludf.DUMMYFUNCTION("""COMPUTED_VALUE"""),965.0) -> 965 | Z50: =IFERROR(__xludf.DUMMYFUNCTION("""COMPUTED_VALUE"""),61606.0) -> 61606 | AA50: =IFERROR(__xludf.DUMMYFUNCTION("""COMPUTED_VALUE"""),15056.0) -> 15056 | AC50: 90966
B51: =IFERROR(__xludf.DUMMYFUNCTION("""COMPUTED_VALUE"""),"2019 Q1") -> 2019 Q1 | C51: =IFERROR(__xludf.DUMMYFUNCTION("""COMPUTED_VALUE"""),1109.0) -> 1109 | D51: =IFERROR(__xludf.DUMMYFUNCTION("""COMPUTED_VALUE"""),6584.0) -> 6584 | E51: =IFERROR(__xludf.DUMMYFUNCTION("""COMPUTED_VALUE"""),22762.0) -> 22762 | F51: =IFERROR(__xludf.DUMMYFUNCTION("""COMPUTED_VALUE"""),640.0) -> 640 | G51: =IFERROR(__xludf.DUMMYFUNCTION("""COMPUTED_VALUE"""),31924.0) -> 31924 | H51: 63019 | J51: =IFERROR(__xludf.DUMMYFUNCTION("""COMPUTED_VALUE"""),"2019 Q1") -> 2019 Q1 | L51: =IFERROR(__xludf.DUMMYFUNCTION("""COMPUTED_VALUE"""),866.0) -> 866 | M51: =IFERROR(__xludf.DUMMYFUNCTION("""COMPUTED_VALUE"""),243.0) -> 243 | O51: =IFERROR(__xludf.DUMMYFUNCTION("""COMPUTED_VALUE"""),3738.0) -> 3738 | P51: =IFERROR(__xludf.DUMMYFUNCTION("""COMPUTED_VALUE"""),2846.0) -> 2846 | R51: =IFERROR(__xludf.DUMMYFUNCTION("""COMPUTED_VALUE"""),19643.0) -> 19643 | S51: =IFERROR(__xludf.DUMMYFUNCTION("""COMPUTED_VALUE"""),3119.0) -> 3119 | W51: =IFERROR(__xludf.DUMMYFUNCTION("""COMPUTED_VALUE"""),640.0) -> 640 | Z51: =IFERROR(__xludf.DUMMYFUNCTION("""COMPUTED_VALUE"""),26681.0) -> 26681 | AA51: =IFERROR(__xludf.DUMMYFUNCTION("""COMPUTED_VALUE"""),5243.0) -> 5243 | AC51: 63019
B52: =IFERROR(__xludf.DUMMYFUNCTION("""COMPUTED_VALUE"""),"2019 Q2") -> 2019 Q2 | C52: =IFERROR(__xludf.DUMMYFUNCTION("""COMPUTED_VALUE"""),5964.0) -> 5964 | D52: =IFERROR(__xludf.DUMMYFUNCTION("""COMPUTED_VALUE"""),11311.0) -> 11311 | E52: =IFERROR(__xludf.DUMMYFUNCTION("""COMPUTED_VALUE"""),22805.0) -> 22805 | F52: =IFERROR(__xludf.DUMMYFUNCTION("""COMPUTED_VALUE"""),1279.0) -> 1279 | G52: =IFERROR(__xludf.DUMMYFUNCTION("""COMPUTED_VALUE"""),53997.0) -> 53997 | H52: 95356 | J52: =IFERROR(__xludf.DUMMYFUNCTION("""COMPUTED_VALUE"""),"2019 Q2") -> 2019 Q2 | L52: =IFERROR(__xludf.DUMMYFUNCTION("""COMPUTED_VALUE"""),5548.0) -> 5548 | M52: =IFERROR(__xludf.DUMMYFUNCTION("""COMPUTED_VALUE"""),416.0) -> 416 | O52: =IFERROR(__xludf.DUMMYFUNCTION("""COMPUTED_VALUE"""),8139.0) -> 8139 | P52: =IFERROR(__xludf.DUMMYFUNCTION("""COMPUTED_VALUE"""),3172.0) -> 3172 | R52: =IFERROR(__xludf.DUMMYFUNCTION("""COMPUTED_VALUE"""),18220.0) -> 18220 | S52: =IFERROR(__xludf.DUMMYFUNCTION("""COMPUTED_VALUE"""),4585.0) -> 4585 | W52: =IFERROR(__xludf.DUMMYFUNCTION("""COMPUTED_VALUE"""),1279.0) -> 1279 | Z52: =IFERROR(__xludf.DUMMYFUNCTION("""COMPUTED_VALUE"""),45727.0) -> 45727 | AA52: =IFERROR(__xludf.DUMMYFUNCTION("""COMPUTED_VALUE"""),8270.0) -> 8270 | AC52: 95356
B53: =IFERROR(__xludf.DUMMYFUNCTION("""COMPUTED_VALUE"""),"2019 Q3") -> 2019 Q3 | C53: =IFERROR(__xludf.DUMMYFUNCTION("""COMPUTED_VALUE"""),5414.0) -> 5414 | D53: =IFERROR(__xludf.DUMMYFUNCTION("""COMPUTED_VALUE"""),10613.0) -> 10613 | E53: =IFERROR(__xludf.DUMMYFUNCTION("""COMPUTED_VALUE"""),30081.0) -> 30081 | F53: =IFERROR(__xludf.DUMMYFUNCTION("""COMPUTED_VALUE"""),3995.0) -> 3995 | G53: =IFERROR(__xludf.DUMMYFUNCTION("""COMPUTED_VALUE"""),47083.0) -> 47083 | H53: 97186 | J53: =IFERROR(__xludf.DUMMYFUNCTION("""COMPUTED_VALUE"""),"2019 Q3") -> 2019 Q3 | L53: =IFERROR(__xludf.DUMMYFUNCTION("""COMPUTED_VALUE"""),4939.0) -> 4939 | M53: =IFERROR(__xludf.DUMMYFUNCTION("""COMPUTED_VALUE"""),475.0) -> 475 | O53: =IFERROR(__xludf.DUMMYFUNCTION("""COMPUTED_VALUE"""),7576.0) -> 7576 | P53: =IFERROR(__xludf.DUMMYFUNCTION("""COMPUTED_VALUE"""),3037.0) -> 3037 | R53: =IFERROR(__xludf.DUMMYFUNCTION("""COMPUTED_VALUE"""),26080.0) -> 26080 | S53: =IFERROR(__xludf.DUMMYFUNCTION("""COMPUTED_VALUE"""),4001.0) -> 4001 | V53: =IFERROR(__xludf.DUMMYFUNCTION("""COMPUTED_VALUE"""),3072.0) -> 3072 | W53: =IFERROR(__xludf.DUMMYFUNCTION("""COMPUTED_VALUE"""),923.0) -> 923 | Z53: =IFERROR(__xludf.DUMMYFUNCTION("""COMPUTED_VALUE"""),38036.0) -> 38036 | AA53: =IFERROR(__xludf.DUMMYFUNCTION("""COMPUTED_VALUE"""),9047.0) -> 9047 | AC53: 97186
B54: =IFERROR(__xludf.DUMMYFUNCTION("""COMPUTED_VALUE"""),"2019 Q4") -> 2019 Q4 | C54: =IFERROR(__xludf.DUMMYFUNCTION("""COMPUTED_VALUE"""),3302.0) -> 3302 | D54: =IFERROR(__xludf.DUMMYFUNCTION("""COMPUTED_VALUE"""),12790.0) -> 12790 | E54: =IFERROR(__xludf.DUMMYFUNCTION("""COMPUTED_VALUE"""),35471.0) -> 35471 | F54: =IFERROR(__xludf.DUMMYFUNCTION("""COMPUTED_VALUE"""),6046.0) -> 6046 | G54: =IFERROR(__xludf.DUMMYFUNCTION("""COMPUTED_VALUE"""),54486.0) -> 54486 | H54: 112095 | J54: =IFERROR(__xludf.DUMMYFUNCTION("""COMPUTED_VALUE"""),"2019 Q4") -> 2019 Q4 | L54: =IFERROR(__xludf.DUMMYFUNCTION("""COMPUTED_VALUE"""),2759.0) -> 2759 | M54: =IFERROR(__xludf.DUMMYFUNCTION("""COMPUTED_VALUE"""),543.0) -> 543 | O54: =IFERROR(__xludf.DUMMYFUNCTION("""COMPUTED_VALUE"""),9821.0) -> 9821 | P54: =IFERROR(__xludf.DUMMYFUNCTION("""COMPUTED_VALUE"""),2969.0) -> 2969 | R54: =IFERROR(__xludf.DUMMYFUNCTION("""COMPUTED_VALUE"""),31941.0) -> 31941 | S54: =IFERROR(__xludf.DUMMYFUNCTION("""COMPUTED_VALUE"""),3530.0) -> 3530 | V54: =IFERROR(__xludf.DUMMYFUNCTION("""COMPUTED_VALUE"""),5386.0) -> 5386 | W54: =IFERROR(__xludf.DUMMYFUNCTION("""COMPUTED_VALUE"""),660.0) -> 660 | Z54: =IFERROR(__xludf.DUMMYFUNCTION("""COMPUTED_VALUE"""),42713.0) -> 42713 | AA54: =IFERROR(__xludf.DUMMYFUNCTION("""COMPUTED_VALUE"""),11773.0) -> 11773 | AC54: 112095
B55: =IFERROR(__xludf.DUMMYFUNCTION("""COMPUTED_VALUE"""),"2020 Q1") -> 2020 Q1 | C55: =IFERROR(__xludf.DUMMYFUNCTION("""COMPUTED_VALUE"""),3991.0) -> 3991 | D55: =IFERROR(__xludf.DUMMYFUNCTION("""COMPUTED_VALUE"""),19307.0) -> 19307 | E55: =IFERROR(__xludf.DUMMYFUNCTION("""COMPUTED_VALUE"""),23782.0) -> 23782 | F55: =IFERROR(__xludf.DUMMYFUNCTION("""COMPUTED_VALUE"""),7959.0) -> 7959 | G55: =IFERROR(__xludf.DUMMYFUNCTION("""COMPUTED_VALUE"""),33457.0) -> 33457 | H55: 88496 | J55: =IFERROR(__xludf.DUMMYFUNCTION("""COMPUTED_VALUE"""),"2020 Q1") -> 2020 Q1 | L55: =IFERROR(__xludf.DUMMYFUNCTION("""COMPUTED_VALUE"""),3620.0) -> 3620 | M55: =IFERROR(__xludf.DUMMYFUNCTION("""COMPUTED_VALUE"""),371.0) -> 371 | O55: =IFERROR(__xludf.DUMMYFUNCTION("""COMPUTED_VALUE"""),18115.0) -> 18115 | P55: =IFERROR(__xludf.DUMMYFUNCTION("""COMPUTED_VALUE"""),1192.0) -> 1192 | R55: =IFERROR(__xludf.DUMMYFUNCTION("""COMPUTED_VALUE"""),21235.0) -> 21235 | S55: =IFERROR(__xludf.DUMMYFUNCTION("""COMPUTED_VALUE"""),2547.0) -> 2547 | V55: =IFERROR(__xludf.DUMMYFUNCTION("""COMPUTED_VALUE"""),7453.0) -> 7453 | W55: =IFERROR(__xludf.DUMMYFUNCTION("""COMPUTED_VALUE"""),506.0) -> 506 | Z55: =IFERROR(__xludf.DUMMYFUNCTION("""COMPUTED_VALUE"""),23677.0) -> 23677 | AA55: =IFERROR(__xludf.DUMMYFUNCTION("""COMPUTED_VALUE"""),7614.0) -> 7614 | AB55: =IFERROR(__xludf.DUMMYFUNCTION("""COMPUTED_VALUE"""),2166.0) -> 2166 | AC55: 88496
B56: =IFERROR(__xludf.DUMMYFUNCTION("""COMPUTED_VALUE"""),"2020 Q2") -> 2020 Q2 | C56: =IFERROR(__xludf.DUMMYFUNCTION("""COMPUTED_VALUE"""),3813.0) -> 3813 | D56: =IFERROR(__xludf.DUMMYFUNCTION("""COMPUTED_VALUE"""),30918.0) -> 30918 | E56: =IFERROR(__xludf.DUMMYFUNCTION("""COMPUTED_VALUE"""),13988.0) -> 13988 | F56: =IFERROR(__xludf.DUMMYFUNCTION("""COMPUTED_VALUE"""),4546.0) -> 4546 | G56: =IFERROR(__xludf.DUMMYFUNCTION("""COMPUTED_VALUE"""),37626.0) -> 37626 | H56: 90891 | J56: =IFERROR(__xludf.DUMMYFUNCTION("""COMPUTED_VALUE"""),"2020 Q2") -> 2020 Q2 | L56: =IFERROR(__xludf.DUMMYFUNCTION("""COMPUTED_VALUE"""),3213.0) -> 3213 | M56: =IFERROR(__xludf.DUMMYFUNCTION("""COMPUTED_VALUE"""),348.0) -> 348 | N56: =IFERROR(__xludf.DUMMYFUNCTION("""COMPUTED_VALUE"""),252.0) -> 252 | O56: =IFERROR(__xludf.DUMMYFUNCTION("""COMPUTED_VALUE"""),29990.0) -> 29990 | P56: =IFERROR(__xludf.DUMMYFUNCTION("""COMPUTED_VALUE"""),928.0) -> 928 | R56: =IFERROR(__xludf.DUMMYFUNCTION("""COMPUTED_VALUE"""),11972.0) -> 11972 | S56: =IFERROR(__xludf.DUMMYFUNCTION("""COMPUTED_VALUE"""),2016.0) -> 2016 | V56: =IFERROR(__xludf.DUMMYFUNCTION("""COMPUTED_VALUE"""),4336.0) -> 4336 | W56: =IFERROR(__xludf.DUMMYFUNCTION("""COMPUTED_VALUE"""),210.0) -> 210 | Z56: =IFERROR(__xludf.DUMMYFUNCTION("""COMPUTED_VALUE"""),17489.0) -> 17489 | AA56: =IFERROR(__xludf.DUMMYFUNCTION("""COMPUTED_VALUE"""),7112.0) -> 7112 | AB56: =IFERROR(__xludf.DUMMYFUNCTION("""COMPUTED_VALUE"""),13025.0) -> 13025 | AC56: 90891
B57: =IFERROR(__xludf.DUMMYFUNCTION("""COMPUTED_VALUE"""),"2020 Q3") -> 2020 Q3 | C57: =IFERROR(__xludf.DUMMYFUNCTION("""COMPUTED_VALUE"""),5439.0) -> 5439 | D57: =IFERROR(__xludf.DUMMYFUNCTION("""COMPUTED_VALUE"""),36732.0) -> 36732 | E57: =IFERROR(__xludf.DUMMYFUNCTION("""COMPUTED_VALUE"""),27306.0) -> 27306 | F57: =IFERROR(__xludf.DUMMYFUNCTION("""COMPUTED_VALUE"""),8386.0) -> 8386 | G57: =IFERROR(__xludf.DUMMYFUNCTION("""COMPUTED_VALUE"""),61730.0) -> 61730 | H57: 139593 | J57: =IFERROR(__xludf.DUMMYFUNCTION("""COMPUTED_VALUE"""),"2020 Q3") -> 2020 Q3 | L57: =IFERROR(__xludf.DUMMYFUNCTION("""COMPUTED_VALUE"""),3873.0) -> 3873 | M57: =IFERROR(__xludf.DUMMYFUNCTION("""COMPUTED_VALUE"""),401.0) -> 401 | N57: =IFERROR(__xludf.DUMMYFUNCTION("""COMPUTED_VALUE"""),1165.0) -> 1165 | O57: =IFERROR(__xludf.DUMMYFUNCTION("""COMPUTED_VALUE"""),34246.0) -> 34246 | P57: =IFERROR(__xludf.DUMMYFUNCTION("""COMPUTED_VALUE"""),2486.0) -> 2486 | R57: =IFERROR(__xludf.DUMMYFUNCTION("""COMPUTED_VALUE"""),24074.0) -> 24074 | S57: =IFERROR(__xludf.DUMMYFUNCTION("""COMPUTED_VALUE"""),3232.0) -> 3232 | V57: =IFERROR(__xludf.DUMMYFUNCTION("""COMPUTED_VALUE"""),7296.0) -> 7296 | W57: =IFERROR(__xludf.DUMMYFUNCTION("""COMPUTED_VALUE"""),1090.0) -> 1090 | Z57: =IFERROR(__xludf.DUMMYFUNCTION("""COMPUTED_VALUE"""),22511.0) -> 22511 | AA57: =IFERROR(__xludf.DUMMYFUNCTION("""COMPUTED_VALUE"""),8066.0) -> 8066 | AB57: =IFERROR(__xludf.DUMMYFUNCTION("""COMPUTED_VALUE"""),31153.0) -> 31153 | AC57: 139593
B58: =IFERROR(__xludf.DUMMYFUNCTION("""COMPUTED_VALUE"""),"2020 Q4") -> 2020 Q4 | C58: =IFERROR(__xludf.DUMMYFUNCTION("""COMPUTED_VALUE"""),5159.0) -> 5159 | D58: =IFERROR(__xludf.DUMMYFUNCTION("""COMPUTED_VALUE"""),59513.0) -> 59513 | E58: =IFERROR(__xludf.DUMMYFUNCTION("""COMPUTED_VALUE"""),34110.0) -> 34110 | F58: =IFERROR(__xludf.DUMMYFUNCTION("""COMPUTED_VALUE"""),6298.0) -> 6298 | G58: =IFERROR(__xludf.DUMMYFUNCTION("""COMPUTED_VALUE"""),75587.0) -> 75587 | H58: 180667 | J58: =IFERROR(__xludf.DUMMYFUNCTION("""COMPUTED_VALUE"""),"2020 Q4") -> 2020 Q4 | L58: =IFERROR(__xludf.DUMMYFUNCTION("""COMPUTED_VALUE"""),3388.0) -> 3388 | M58: =IFERROR(__xludf.DUMMYFUNCTION("""COMPUTED_VALUE"""),590.0) -> 590 | N58: =IFERROR(__xludf.DUMMYFUNCTION("""COMPUTED_VALUE"""),1181.0) -> 1181 | O58: =IFERROR(__xludf.DUMMYFUNCTION("""COMPUTED_VALUE"""),57586.0) -> 57586 | P58: =IFERROR(__xludf.DUMMYFUNCTION("""COMPUTED_VALUE"""),1927.0) -> 1927 | R58: =IFERROR(__xludf.DUMMYFUNCTION("""COMPUTED_VALUE"""),30695.0) -> 30695 | S58: =IFERROR(__xludf.DUMMYFUNCTION("""COMPUTED_VALUE"""),3415.0) -> 3415 | V58: =IFERROR(__xludf.DUMMYFUNCTION("""COMPUTED_VALUE"""),5390.0) -> 5390 | W58: =IFERROR(__xludf.DUMMYFUNCTION("""COMPUTED_VALUE"""),908.0) -> 908 | Z58: =IFERROR(__xludf.DUMMYFUNCTION("""COMPUTED_VALUE"""),26091.0) -> 26091 | AA58: =IFERROR(__xludf.DUMMYFUNCTION("""COMPUTED_VALUE"""),12126.0) -> 12126 | AB58: =IFERROR(__xludf.DUMMYFUNCTION("""COMPUTED_VALUE"""),37370.0) -> 37370 | AC58: 180667
B59: =IFERROR(__xludf.DUMMYFUNCTION("""COMPUTED_VALUE"""),"2021 Q1") -> 2021 Q1 | C59: =IFERROR(__xludf.DUMMYFUNCTION("""COMPUTED_VALUE"""),5582.0) -> 5582 | D59: =IFERROR(__xludf.DUMMYFUNCTION("""COMPUTED_VALUE"""),69711.0) -> 69711 | E59: =IFERROR(__xludf.DUMMYFUNCTION("""COMPUTED_VALUE"""),31530.0) -> 31530 | F59: =IFERROR(__xludf.DUMMYFUNCTION("""COMPUTED_VALUE"""),9223.0) -> 9223 | G59: =IFERROR(__xludf.DUMMYFUNCTION("""COMPUTED_VALUE"""),68831.0) -> 68831 | H59: 184877 | J59: =IFERROR(__xludf.DUMMYFUNCTION("""COMPUTED_VALUE"""),"2021 Q1") -> 2021 Q1 | L59: =IFERROR(__xludf.DUMMYFUNCTION("""COMPUTED_VALUE"""),2904.0) -> 2904 | M59: =IFERROR(__xludf.DUMMYFUNCTION("""COMPUTED_VALUE"""),70.0) -> 70 | N59: =IFERROR(__xludf.DUMMYFUNCTION("""COMPUTED_VALUE"""),2608.0) -> 2608 | O59: =IFERROR(__xludf.DUMMYFUNCTION("""COMPUTED_VALUE"""),52858.0) -> 52858 | P59: =IFERROR(__xludf.DUMMYFUNCTION("""COMPUTED_VALUE"""),431.0) -> 431 | Q59: =IFERROR(__xludf.DUMMYFUNCTION("""COMPUTED_VALUE"""),16422.0) -> 16422 | R59: =IFERROR(__xludf.DUMMYFUNCTION("""COMPUTED_VALUE"""),31246.0) -> 31246 | S59: =IFERROR(__xludf.DUMMYFUNCTION("""COMPUTED_VALUE"""),284.0) -> 284 | V59: =IFERROR(__xludf.DUMMYFUNCTION("""COMPUTED_VALUE"""),9115.0) -> 9115 | W59: =IFERROR(__xludf.DUMMYFUNCTION("""COMPUTED_VALUE"""),88.0) -> 88 | X59: =IFERROR(__xludf.DUMMYFUNCTION("""COMPUTED_VALUE"""),20.0) -> 20 | Z59: =IFERROR(__xludf.DUMMYFUNCTION("""COMPUTED_VALUE"""),25177.0) -> 25177 | AA59: =IFERROR(__xludf.DUMMYFUNCTION("""COMPUTED_VALUE"""),1157.0) -> 1157 | AB59: =IFERROR(__xludf.DUMMYFUNCTION("""COMPUTED_VALUE"""),42497.0) -> 42497 | AC59: 184877
B60: =IFERROR(__xludf.DUMMYFUNCTION("""COMPUTED_VALUE"""),"2021 Q2") -> 2021 Q2 | C60: =IFERROR(__xludf.DUMMYFUNCTION("""COMPUTED_VALUE"""),6522.0) -> 6522 | D60: =IFERROR(__xludf.DUMMYFUNCTION("""COMPUTED_VALUE"""),61800.0) -> 61800 | E60: =IFERROR(__xludf.DUMMYFUNCTION("""COMPUTED_VALUE"""),36480.0) -> 36480 | F60: =IFERROR(__xludf.DUMMYFUNCTION("""COMPUTED_VALUE"""),19293.0) -> 19293 | G60: =IFERROR(__xludf.DUMMYFUNCTION("""COMPUTED_VALUE"""),77209.0) -> 77209 | H60: 201304 | J60: =IFERROR(__xludf.DUMMYFUNCTION("""COMPUTED_VALUE"""),"2021 Q2") -> 2021 Q2 | L60: =IFERROR(__xludf.DUMMYFUNCTION("""COMPUTED_VALUE"""),4218.0) -> 4218 | M60: =IFERROR(__xludf.DUMMYFUNCTION("""COMPUTED_VALUE"""),0.0) -> 0 | N60: =IFERROR(__xludf.DUMMYFUNCTION("""COMPUTED_VALUE"""),2304.0) -> 2304 | O60: =IFERROR(__xludf.DUMMYFUNCTION("""COMPUTED_VALUE"""),31987.0) -> 31987 | P60: =IFERROR(__xludf.DUMMYFUNCTION("""COMPUTED_VALUE"""),55.0) -> 55 | Q60: =IFERROR(__xludf.DUMMYFUNCTION("""COMPUTED_VALUE"""),29758.0) -> 29758 | R60: =IFERROR(__xludf.DUMMYFUNCTION("""COMPUTED_VALUE"""),36465.0) -> 36465 | S60: =IFERROR(__xludf.DUMMYFUNCTION("""COMPUTED_VALUE"""),15.0) -> 15 | V60: =IFERROR(__xludf.DUMMYFUNCTION("""COMPUTED_VALUE"""),13955.0) -> 13955 | W60: =IFERROR(__xludf.DUMMYFUNCTION("""COMPUTED_VALUE"""),15.0) -> 15 | X60: =IFERROR(__xludf.DUMMYFUNCTION("""COMPUTED_VALUE"""),5323.0) -> 5323 | Z60: =IFERROR(__xludf.DUMMYFUNCTION("""COMPUTED_VALUE"""),28700.0) -> 28700 | AA60: =IFERROR(__xludf.DUMMYFUNCTION("""COMPUTED_VALUE"""),1810.0) -> 1810 | AB60: =IFERROR(__xludf.DUMMYFUNCTION("""COMPUTED_VALUE"""),46699.0) -> 46699 | AC60: 201304
B61: =IFERROR(__xludf.DUMMYFUNCTION("""COMPUTED_VALUE"""),"2021 Q3") -> 2021 Q3 | C61: =IFERROR(__xludf.DUMMYFUNCTION("""COMPUTED_VALUE"""),7144.0) -> 7144 | D61: =IFERROR(__xludf.DUMMYFUNCTION("""COMPUTED_VALUE"""),73699.0) -> 73699 | E61: =IFERROR(__xludf.DUMMYFUNCTION("""COMPUTED_VALUE"""),46344.0) -> 46344 | F61: =IFERROR(__xludf.DUMMYFUNCTION("""COMPUTED_VALUE"""),16916.0) -> 16916 | G61: =IFERROR(__xludf.DUMMYFUNCTION("""COMPUTED_VALUE"""),97288.0) -> 97288 | H61: 241391 | J61: =IFERROR(__xludf.DUMMYFUNCTION("""COMPUTED_VALUE"""),"2021 Q3") -> 2021 Q3 | L61: =IFERROR(__xludf.DUMMYFUNCTION("""COMPUTED_VALUE"""),4685.0) -> 4685 | M61: =IFERROR(__xludf.DUMMYFUNCTION("""COMPUTED_VALUE"""),0.0) -> 0 | N61: =IFERROR(__xludf.DUMMYFUNCTION("""COMPUTED_VALUE"""),2459.0) -> 2459 | O61: =IFERROR(__xludf.DUMMYFUNCTION("""COMPUTED_VALUE"""),26906.0) -> 26906 | P61: =IFERROR(__xludf.DUMMYFUNCTION("""COMPUTED_VALUE"""),40.0) -> 40 | Q61: =IFERROR(__xludf.DUMMYFUNCTION("""COMPUTED_VALUE"""),46753.0) -> 46753 | R61: =IFERROR(__xludf.DUMMYFUNCTION("""COMPUTED_VALUE"""),33935.0) -> 33935 | S61: =IFERROR(__xludf.DUMMYFUNCTION("""COMPUTED_VALUE"""),7.0) -> 7 | T61: =IFERROR(__xludf.DUMMYFUNCTION("""COMPUTED_VALUE"""),12402.0) -> 12402 | V61: =IFERROR(__xludf.DUMMYFUNCTION("""COMPUTED_VALUE"""),13280.0) -> 13280 | W61: =IFERROR(__xludf.DUMMYFUNCTION("""COMPUTED_VALUE"""),0.0) -> 0 | X61: =IFERROR(__xludf.DUMMYFUNCTION("""COMPUTED_VALUE"""),3636.0) -> 3636 | Z61: =IFERROR(__xludf.DUMMYFUNCTION("""COMPUTED_VALUE"""),46750.0) -> 46750 | AA61: =IFERROR(__xludf.DUMMYFUNCTION("""COMPUTED_VALUE"""),9242.0) -> 9242 | AB61: =IFERROR(__xludf.DUMMYFUNCTION("""COMPUTED_VALUE"""),41296.0) -> 41296 | AC61: 241391
B62: =IFERROR(__xludf.DUMMYFUNCTION("""COMPUTED_VALUE"""),"2021 Q4") -> 2021 Q4 | C62: =IFERROR(__xludf.DUMMYFUNCTION("""COMPUTED_VALUE"""),7121.0) -> 7121 | D62: =IFERROR(__xludf.DUMMYFUNCTION("""COMPUTED_VALUE"""),116060.0) -> 116060 | E62: =IFERROR(__xludf.DUMMYFUNCTION("""COMPUTED_VALUE"""),54997.0) -> 54997 | F62: =IFERROR(__xludf.DUMMYFUNCTION("""COMPUTED_VALUE"""),13795.0) -> 13795 | G62: =IFERROR(__xludf.DUMMYFUNCTION("""COMPUTED_VALUE"""),116677.0) -> 116677 | H62: 308650 | J62: =IFERROR(__xludf.DUMMYFUNCTION("""COMPUTED_VALUE"""),"2021 Q4") -> 2021 Q4 | L62: =IFERROR(__xludf.DUMMYFUNCTION("""COMPUTED_VALUE"""),3795.0) -> 3795 | M62: =IFERROR(__xludf.DUMMYFUNCTION("""COMPUTED_VALUE"""),573.0) -> 573 | N62: =IFERROR(__xludf.DUMMYFUNCTION("""COMPUTED_VALUE"""),2753.0) -> 2753 | O62: =IFERROR(__xludf.DUMMYFUNCTION("""COMPUTED_VALUE"""),39139.0) -> 39139 | P62: =IFERROR(__xludf.DUMMYFUNCTION("""COMPUTED_VALUE"""),1.0) -> 1 | Q62: =IFERROR(__xludf.DUMMYFUNCTION("""COMPUTED_VALUE"""),76920.0) -> 76920 | R62: =IFERROR(__xludf.DUMMYFUNCTION("""COMPUTED_VALUE"""),42018.0) -> 42018 | S62: =IFERROR(__xludf.DUMMYFUNCTION("""COMPUTED_VALUE"""),4.0) -> 4 | T62: =IFERROR(__xludf.DUMMYFUNCTION("""COMPUTED_VALUE"""),12975.0) -> 12975 | V62: =IFERROR(__xludf.DUMMYFUNCTION("""COMPUTED_VALUE"""),10901.0) -> 10901 | W62: =IFERROR(__xludf.DUMMYFUNCTION("""COMPUTED_VALUE"""),0.0) -> 0 | X62: =IFERROR(__xludf.DUMMYFUNCTION("""COMPUTED_VALUE"""),2894.0) -> 2894 | Z62: =IFERROR(__xludf.DUMMYFUNCTION("""COMPUTED_VALUE"""),52150.0) -> 52150 | AA62: =IFERROR(__xludf.DUMMYFUNCTION("""COMPUTED_VALUE"""),11188.0) -> 11188 | AB62: =IFERROR(__xludf.DUMMYFUNCTION("""COMPUTED_VALUE"""),53339.0) -> 53339 | AC62: 308650
B63: =IFERROR(__xludf.DUMMYFUNCTION("""COMPUTED_VALUE"""),"2022 Q1") -> 2022 Q1 | C63: =IFERROR(__xludf.DUMMYFUNCTION("""COMPUTED_VALUE"""),11843.0) -> 11843 | D63: =IFERROR(__xludf.DUMMYFUNCTION("""COMPUTED_VALUE"""),108300.0) -> 108300 | E63: =IFERROR(__xludf.DUMMYFUNCTION("""COMPUTED_VALUE"""),59603.0) -> 59603 | F63: =IFERROR(__xludf.DUMMYFUNCTION("""COMPUTED_VALUE"""),18255.0) -> 18255 | G63: =IFERROR(__xludf.DUMMYFUNCTION("""COMPUTED_VALUE"""),112047.0) -> 112047 | H63: 310048 | J63: =IFERROR(__xludf.DUMMYFUNCTION("""COMPUTED_VALUE"""),"2022 Q1") -> 2022 Q1 | L63: =IFERROR(__xludf.DUMMYFUNCTION("""COMPUTED_VALUE"""),7103.0) -> 7103 | M63: =IFERROR(__xludf.DUMMYFUNCTION("""COMPUTED_VALUE"""),712.0) -> 712 | N63: =IFERROR(__xludf.DUMMYFUNCTION("""COMPUTED_VALUE"""),4028.0) -> 4028 | O63: =IFERROR(__xludf.DUMMYFUNCTION("""COMPUTED_VALUE"""),33619.0) -> 33619 | P63: =IFERROR(__xludf.DUMMYFUNCTION("""COMPUTED_VALUE"""),0.0) -> 0 | Q63: =IFERROR(__xludf.DUMMYFUNCTION("""COMPUTED_VALUE"""),74681.0) -> 74681 | R63: =IFERROR(__xludf.DUMMYFUNCTION("""COMPUTED_VALUE"""),32716.0) -> 32716 | S63: =IFERROR(__xludf.DUMMYFUNCTION("""COMPUTED_VALUE"""),11.0) -> 11 | T63: =IFERROR(__xludf.DUMMYFUNCTION("""COMPUTED_VALUE"""),26876.0) -> 26876 | V63: =IFERROR(__xludf.DUMMYFUNCTION("""COMPUTED_VALUE"""),14361.0) -> 14361 | W63: =IFERROR(__xludf.DUMMYFUNCTION("""COMPUTED_VALUE"""),0.0) -> 0 | X63: =IFERROR(__xludf.DUMMYFUNCTION("""COMPUTED_VALUE"""),3894.0) -> 3894 | Z63: =IFERROR(__xludf.DUMMYFUNCTION("""COMPUTED_VALUE"""),46000.0) -> 46000 | AA63: =IFERROR(__xludf.DUMMYFUNCTION("""COMPUTED_VALUE"""),14001.0) -> 14001 | AB63: =IFERROR(__xludf.DUMMYFUNCTION("""COMPUTED_VALUE"""),52046.0) -> 52046 | AC63: 310048
B64: =IFERROR(__xludf.DUMMYFUNCTION("""COMPUTED_VALUE"""),"2022 Q2") -> 2022 Q2 | C64: =IFERROR(__xludf.DUMMYFUNCTION("""COMPUTED_VALUE"""),10401.0) -> 10401 | D64: =IFERROR(__xludf.DUMMYFUNCTION("""COMPUTED_VALUE"""),89275.0) -> 89275 | E64: =IFERROR(__xludf.DUMMYFUNCTION("""COMPUTED_VALUE"""),26220.0) -> 26220 | F64: =IFERROR(__xludf.DUMMYFUNCTION("""COMPUTED_VALUE"""),10901.0) -> 10901 | G64: =IFERROR(__xludf.DUMMYFUNCTION("""COMPUTED_VALUE"""),117898.0) -> 117898 | H64: 254695 | J64: =IFERROR(__xludf.DUMMYFUNCTION("""COMPUTED_VALUE"""),"2022 Q2") -> 2022 Q2 | L64: =IFERROR(__xludf.DUMMYFUNCTION("""COMPUTED_VALUE"""),5204.0) -> 5204 | M64: =IFERROR(__xludf.DUMMYFUNCTION("""COMPUTED_VALUE"""),784.0) -> 784 | N64: =IFERROR(__xludf.DUMMYFUNCTION("""COMPUTED_VALUE"""),4413.0) -> 4413 | O64: =IFERROR(__xludf.DUMMYFUNCTION("""COMPUTED_VALUE"""),30290.0) -> 30290 | P64: =IFERROR(__xludf.DUMMYFUNCTION("""COMPUTED_VALUE"""),0.0) -> 0 | Q64: =IFERROR(__xludf.DUMMYFUNCTION("""COMPUTED_VALUE"""),58985.0) -> 58985 | R64: =IFERROR(__xludf.DUMMYFUNCTION("""COMPUTED_VALUE"""),7432.0) -> 7432 | S64: =IFERROR(__xludf.DUMMYFUNCTION("""COMPUTED_VALUE"""),10.0) -> 10 | T64: =IFERROR(__xludf.DUMMYFUNCTION("""COMPUTED_VALUE"""),18778.0) -> 18778 | V64: =IFERROR(__xludf.DUMMYFUNCTION("""COMPUTED_VALUE"""),6302.0) -> 6302 | W64: =IFERROR(__xludf.DUMMYFUNCTION("""COMPUTED_VALUE"""),0.0) -> 0 | X64: =IFERROR(__xludf.DUMMYFUNCTION("""COMPUTED_VALUE"""),4599.0) -> 4599 | Z64: =IFERROR(__xludf.DUMMYFUNCTION("""COMPUTED_VALUE"""),47240.0) -> 47240 | AA64: =IFERROR(__xludf.DUMMYFUNCTION("""COMPUTED_VALUE"""),15368.0) -> 15368 | AB64: =IFERROR(__xludf.DUMMYFUNCTION("""COMPUTED_VALUE"""),55290.0) -> 55290 | AC64: 254695
B65: =IFERROR(__xludf.DUMMYFUNCTION("""COMPUTED_VALUE"""),"2022 Q3") -> 2022 Q3 | C65: =IFERROR(__xludf.DUMMYFUNCTION("""COMPUTED_VALUE"""),13260.0) -> 13260 | D65: =IFERROR(__xludf.DUMMYFUNCTION("""COMPUTED_VALUE"""),120576.0) -> 120576 | E65: =IFERROR(__xludf.DUMMYFUNCTION("""COMPUTED_VALUE"""),54304.0) -> 54304 | F65: =IFERROR(__xludf.DUMMYFUNCTION("""COMPUTED_VALUE"""),28474.0) -> 28474 | G65: =IFERROR(__xludf.DUMMYFUNCTION("""COMPUTED_VALUE"""),127216.0) -> 127216 | H65: 343830 | J65: =IFERROR(__xludf.DUMMYFUNCTION("""COMPUTED_VALUE"""),"2022 Q3") -> 2022 Q3 | L65: =IFERROR(__xludf.DUMMYFUNCTION("""COMPUTED_VALUE"""),7643.0) -> 7643 | M65: =IFERROR(__xludf.DUMMYFUNCTION("""COMPUTED_VALUE"""),883.0) -> 883 | N65: =IFERROR(__xludf.DUMMYFUNCTION("""COMPUTED_VALUE"""),4734.0) -> 4734 | O65: =IFERROR(__xludf.DUMMYFUNCTION("""COMPUTED_VALUE"""),35130.0) -> 35130 | P65: =IFERROR(__xludf.DUMMYFUNCTION("""COMPUTED_VALUE"""),0.0) -> 0 | Q65: =IFERROR(__xludf.DUMMYFUNCTION("""COMPUTED_VALUE"""),85446.0) -> 85446 | R65: =IFERROR(__xludf.DUMMYFUNCTION("""COMPUTED_VALUE"""),15728.0) -> 15728 | S65: =IFERROR(__xludf.DUMMYFUNCTION("""COMPUTED_VALUE"""),6.0) -> 6 | T65: =IFERROR(__xludf.DUMMYFUNCTION("""COMPUTED_VALUE"""),38570.0) -> 38570 | V65: =IFERROR(__xludf.DUMMYFUNCTION("""COMPUTED_VALUE"""),11490.0) -> 11490 | W65: =IFERROR(__xludf.DUMMYFUNCTION("""COMPUTED_VALUE"""),0.0) -> 0 | X65: =IFERROR(__xludf.DUMMYFUNCTION("""COMPUTED_VALUE"""),16984.0) -> 16984 | Z65: =IFERROR(__xludf.DUMMYFUNCTION("""COMPUTED_VALUE"""),52000.0) -> 52000 | AA65: =IFERROR(__xludf.DUMMYFUNCTION("""COMPUTED_VALUE"""),17783.0) -> 17783 | AB65: =IFERROR(__xludf.DUMMYFUNCTION("""COMPUTED_VALUE"""),57433.0) -> 57433 | AC65: 343830
B66: =IFERROR(__xludf.DUMMYFUNCTION("""COMPUTED_VALUE"""),"2022 Q4") -> 2022 Q4 | C66: =IFERROR(__xludf.DUMMYFUNCTION("""COMPUTED_VALUE"""),8886.0) -> 8886 | D66: =IFERROR(__xludf.DUMMYFUNCTION("""COMPUTED_VALUE"""),121619.0) -> 121619 | E66: =IFERROR(__xludf.DUMMYFUNCTION("""COMPUTED_VALUE"""),93837.0) -> 93837 | F66: =IFERROR(__xludf.DUMMYFUNCTION("""COMPUTED_VALUE"""),27045.0) -> 27045 | G66: =IFERROR(__xludf.DUMMYFUNCTION("""COMPUTED_VALUE"""),153891.0) -> 153891 | H66: 405278 | J66: =IFERROR(__xludf.DUMMYFUNCTION("""COMPUTED_VALUE"""),"2022 Q4") -> 2022 Q4 | L66: =IFERROR(__xludf.DUMMYFUNCTION("""COMPUTED_VALUE"""),4394.0) -> 4394 | M66: =IFERROR(__xludf.DUMMYFUNCTION("""COMPUTED_VALUE"""),669.0) -> 669 | N66: =IFERROR(__xludf.DUMMYFUNCTION("""COMPUTED_VALUE"""),3823.0) -> 3823 | O66: =IFERROR(__xludf.DUMMYFUNCTION("""COMPUTED_VALUE"""),25417.0) -> 25417 | P66: =IFERROR(__xludf.DUMMYFUNCTION("""COMPUTED_VALUE"""),0.0) -> 0 | Q66: =IFERROR(__xludf.DUMMYFUNCTION("""COMPUTED_VALUE"""),96202.0) -> 96202 | R66: =IFERROR(__xludf.DUMMYFUNCTION("""COMPUTED_VALUE"""),36480.0) -> 36480 | S66: =IFERROR(__xludf.DUMMYFUNCTION("""COMPUTED_VALUE"""),2884.0) -> 2884 | T66: =IFERROR(__xludf.DUMMYFUNCTION("""COMPUTED_VALUE"""),54473.0) -> 54473 | V66: =IFERROR(__xludf.DUMMYFUNCTION("""COMPUTED_VALUE"""),9100.0) -> 9100 | W66: =IFERROR(__xludf.DUMMYFUNCTION("""COMPUTED_VALUE"""),255.0) -> 255 | X66: =IFERROR(__xludf.DUMMYFUNCTION("""COMPUTED_VALUE"""),17690.0) -> 17690 | Z66: =IFERROR(__xludf.DUMMYFUNCTION("""COMPUTED_VALUE"""),54500.0) -> 54500 | AA66: =IFERROR(__xludf.DUMMYFUNCTION("""COMPUTED_VALUE"""),13339.0) -> 13339 | AB66: =IFERROR(__xludf.DUMMYFUNCTION("""COMPUTED_VALUE"""),86052.0) -> 86052 | AC66: 405278
B67: =IFERROR(__xludf.DUMMYFUNCTION("""COMPUTED_VALUE"""),"2023 Q1") -> 2023 Q1 | C67: =IFERROR(__xludf.DUMMYFUNCTION("""COMPUTED_VALUE"""),13081.0) -> 13081 | D67: =IFERROR(__xludf.DUMMYFUNCTION("""COMPUTED_VALUE"""),137900.0) -> 137900 | E67: =IFERROR(__xludf.DUMMYFUNCTION("""COMPUTED_VALUE"""),94242.0) -> 94242 | F67: =IFERROR(__xludf.DUMMYFUNCTION("""COMPUTED_VALUE"""),25913.0) -> 25913 | G67: =IFERROR(__xludf.DUMMYFUNCTION("""COMPUTED_VALUE"""),151739.0) -> 151739 | H67: 422875 | J67: =IFERROR(__xludf.DUMMYFUNCTION("""COMPUTED_VALUE"""),"2023 Q1") -> 2023 Q1 | L67: =IFERROR(__xludf.DUMMYFUNCTION("""COMPUTED_VALUE"""),4929.0) -> 4929 | M67: =IFERROR(__xludf.DUMMYFUNCTION("""COMPUTED_VALUE"""),500.0) -> 500 | N67: =IFERROR(__xludf.DUMMYFUNCTION("""COMPUTED_VALUE"""),7652.0) -> 7652 | O67: =IFERROR(__xludf.DUMMYFUNCTION("""COMPUTED_VALUE"""),42782.0) -> 42782 | P67: =IFERROR(__xludf.DUMMYFUNCTION("""COMPUTED_VALUE"""),471.0) -> 471 | Q67: =IFERROR(__xludf.DUMMYFUNCTION("""COMPUTED_VALUE"""),94647.0) -> 94647 | R67: =IFERROR(__xludf.DUMMYFUNCTION("""COMPUTED_VALUE"""),18777.0) -> 18777 | S67: =IFERROR(__xludf.DUMMYFUNCTION("""COMPUTED_VALUE"""),2083.0) -> 2083 | T67: =IFERROR(__xludf.DUMMYFUNCTION("""COMPUTED_VALUE"""),73382.0) -> 73382 | V67: =IFERROR(__xludf.DUMMYFUNCTION("""COMPUTED_VALUE"""),11327.0) -> 11327 | W67: =IFERROR(__xludf.DUMMYFUNCTION("""COMPUTED_VALUE"""),130.0) -> 130 | X67: =IFERROR(__xludf.DUMMYFUNCTION("""COMPUTED_VALUE"""),14456.0) -> 14456 | Z67: =IFERROR(__xludf.DUMMYFUNCTION("""COMPUTED_VALUE"""),56000.0) -> 56000 | AA67: =IFERROR(__xludf.DUMMYFUNCTION("""COMPUTED_VALUE"""),7511.0) -> 7511 | AB67: =IFERROR(__xludf.DUMMYFUNCTION("""COMPUTED_VALUE"""),88228.0) -> 88228 | AC67: 422875
B68: =IFERROR(__xludf.DUMMYFUNCTION("""COMPUTED_VALUE"""),"2023 Q2") -> 2023 Q2 | C68: =IFERROR(__xludf.DUMMYFUNCTION("""COMPUTED_VALUE"""),12228.0) -> 12228 | D68: =IFERROR(__xludf.DUMMYFUNCTION("""COMPUTED_VALUE"""),159480.0) -> 159480 | E68: =IFERROR(__xludf.DUMMYFUNCTION("""COMPUTED_VALUE"""),92196.0) -> 92196 | F68: =IFERROR(__xludf.DUMMYFUNCTION("""COMPUTED_VALUE"""),34196.0) -> 34196 | G68: =IFERROR(__xludf.DUMMYFUNCTION("""COMPUTED_VALUE"""),168040.0) -> 168040 | H68: 466140 | J68: =IFERROR(__xludf.DUMMYFUNCTION("""COMPUTED_VALUE"""),"2023 Q2") -> 2023 Q2 | L68: =IFERROR(__xludf.DUMMYFUNCTION("""COMPUTED_VALUE"""),4613.0) -> 4613 | M68: =IFERROR(__xludf.DUMMYFUNCTION("""COMPUTED_VALUE"""),700.0) -> 700 | N68: =IFERROR(__xludf.DUMMYFUNCTION("""COMPUTED_VALUE"""),6915.0) -> 6915 | O68: =IFERROR(__xludf.DUMMYFUNCTION("""COMPUTED_VALUE"""),47391.0) -> 47391 | P68: =IFERROR(__xludf.DUMMYFUNCTION("""COMPUTED_VALUE"""),2804.0) -> 2804 | Q68: =IFERROR(__xludf.DUMMYFUNCTION("""COMPUTED_VALUE"""),109285.0) -> 109285 | R68: =IFERROR(__xludf.DUMMYFUNCTION("""COMPUTED_VALUE"""),23182.0) -> 23182 | S68: =IFERROR(__xludf.DUMMYFUNCTION("""COMPUTED_VALUE"""),3502.0) -> 3502 | T68: =IFERROR(__xludf.DUMMYFUNCTION("""COMPUTED_VALUE"""),65512.0) -> 65512 | V68: =IFERROR(__xludf.DUMMYFUNCTION("""COMPUTED_VALUE"""),8517.0) -> 8517 | W68: =IFERROR(__xludf.DUMMYFUNCTION("""COMPUTED_VALUE"""),2319.0) -> 2319 | X68: =IFERROR(__xludf.DUMMYFUNCTION("""COMPUTED_VALUE"""),23360.0) -> 23360 | Z68: =IFERROR(__xludf.DUMMYFUNCTION("""COMPUTED_VALUE"""),59000.0) -> 59000 | AA68: =IFERROR(__xludf.DUMMYFUNCTION("""COMPUTED_VALUE"""),9900.0) -> 9900 | AB68: =IFERROR(__xludf.DUMMYFUNCTION("""COMPUTED_VALUE"""),99140.0) -> 99140 | AC68: 466140
B69: =IFERROR(__xludf.DUMMYFUNCTION("""COMPUTED_VALUE"""),"2023 Q3") -> 2023 Q3 | C69: =IFERROR(__xludf.DUMMYFUNCTION("""COMPUTED_VALUE"""),13990.0) -> 13990 | D69: =IFERROR(__xludf.DUMMYFUNCTION("""COMPUTED_VALUE"""),141216.0) -> 141216 | E69: =IFERROR(__xludf.DUMMYFUNCTION("""COMPUTED_VALUE"""),85581.0) -> 85581 | F69: =IFERROR(__xludf.DUMMYFUNCTION("""COMPUTED_VALUE"""),39855.0) -> 39855 | G69: =IFERROR(__xludf.DUMMYFUNCTION("""COMPUTED_VALUE"""),154417.0) -> 154417 | H69: 435059 | J69: =IFERROR(__xludf.DUMMYFUNCTION("""COMPUTED_VALUE"""),"2023 Q3") -> 2023 Q3 | L69: =IFERROR(__xludf.DUMMYFUNCTION("""COMPUTED_VALUE"""),5203.0) -> 5203 | M69: =IFERROR(__xludf.DUMMYFUNCTION("""COMPUTED_VALUE"""),775.0) -> 775 | N69: =IFERROR(__xludf.DUMMYFUNCTION("""COMPUTED_VALUE"""),8012.0) -> 8012 | O69: =IFERROR(__xludf.DUMMYFUNCTION("""COMPUTED_VALUE"""),23447.0) -> 23447 | P69: =IFERROR(__xludf.DUMMYFUNCTION("""COMPUTED_VALUE"""),1592.0) -> 1592 | Q69: =IFERROR(__xludf.DUMMYFUNCTION("""COMPUTED_VALUE"""),116177.0) -> 116177 | R69: =IFERROR(__xludf.DUMMYFUNCTION("""COMPUTED_VALUE"""),21628.0) -> 21628 | S69: =IFERROR(__xludf.DUMMYFUNCTION("""COMPUTED_VALUE"""),1554.0) -> 1554 | T69: =IFERROR(__xludf.DUMMYFUNCTION("""COMPUTED_VALUE"""),62399.0) -> 62399 | V69: =IFERROR(__xludf.DUMMYFUNCTION("""COMPUTED_VALUE"""),5841.0) -> 5841 | W69: =IFERROR(__xludf.DUMMYFUNCTION("""COMPUTED_VALUE"""),1698.0) -> 1698 | X69: =IFERROR(__xludf.DUMMYFUNCTION("""COMPUTED_VALUE"""),32316.0) -> 32316 | Y69: =IFERROR(__xludf.DUMMYFUNCTION("""COMPUTED_VALUE"""),0.0) -> 0 | Z69: =IFERROR(__xludf.DUMMYFUNCTION("""COMPUTED_VALUE"""),54000.0) -> 54000 | AA69: =IFERROR(__xludf.DUMMYFUNCTION("""COMPUTED_VALUE"""),10366.0) -> 10366 | AB69: =IFERROR(__xludf.DUMMYFUNCTION("""COMPUTED_VALUE"""),90051.0) -> 90051 | AC69: 435059
B70: =IFERROR(__xludf.DUMMYFUNCTION("""COMPUTED_VALUE"""),"2023 Q4") -> 2023 Q4 | C70: =IFERROR(__xludf.DUMMYFUNCTION("""COMPUTED_VALUE"""),11923.0) -> 11923 | D70: =IFERROR(__xludf.DUMMYFUNCTION("""COMPUTED_VALUE"""),172089.0) -> 172089 | E70: =IFERROR(__xludf.DUMMYFUNCTION("""COMPUTED_VALUE"""),93152.0) -> 93152 | F70: =IFERROR(__xludf.DUMMYFUNCTION("""COMPUTED_VALUE"""),32900.0) -> 32900 | G70: =IFERROR(__xludf.DUMMYFUNCTION("""COMPUTED_VALUE"""),174443.0) -> 174443 | H70: 484507 | J70: =IFERROR(__xludf.DUMMYFUNCTION("""COMPUTED_VALUE"""),"2023 Q4") -> 2023 Q4 | L70: =IFERROR(__xludf.DUMMYFUNCTION("""COMPUTED_VALUE"""),3980.0) -> 3980 | M70: =IFERROR(__xludf.DUMMYFUNCTION("""COMPUTED_VALUE"""),1020.0) -> 1020 | N70: =IFERROR(__xludf.DUMMYFUNCTION("""COMPUTED_VALUE"""),6923.0) -> 6923 | O70: =IFERROR(__xludf.DUMMYFUNCTION("""COMPUTED_VALUE"""),33650.0) -> 33650 | P70: =IFERROR(__xludf.DUMMYFUNCTION("""COMPUTED_VALUE"""),2154.0) -> 2154 | Q70: =IFERROR(__xludf.DUMMYFUNCTION("""COMPUTED_VALUE"""),136285.0) -> 136285 | R70: =IFERROR(__xludf.DUMMYFUNCTION("""COMPUTED_VALUE"""),37345.0) -> 37345 | S70: =IFERROR(__xludf.DUMMYFUNCTION("""COMPUTED_VALUE"""),1915.0) -> 1915 | T70: =IFERROR(__xludf.DUMMYFUNCTION("""COMPUTED_VALUE"""),53892.0) -> 53892 | V70: =IFERROR(__xludf.DUMMYFUNCTION("""COMPUTED_VALUE"""),8752.0) -> 8752 | W70: =IFERROR(__xludf.DUMMYFUNCTION("""COMPUTED_VALUE"""),1051.0) -> 1051 | X70: =IFERROR(__xludf.DUMMYFUNCTION("""COMPUTED_VALUE"""),23097.0) -> 23097 | Y70: =IFERROR(__xludf.DUMMYFUNCTION("""COMPUTED_VALUE"""),124.0) -> 124 | Z70: =IFERROR(__xludf.DUMMYFUNCTION("""COMPUTED_VALUE"""),50000.0) -> 50000 | AA70: =IFERROR(__xludf.DUMMYFUNCTION("""COMPUTED_VALUE"""),16705.0) -> 16705 | AB70: =IFERROR(__xludf.DUMMYFUNCTION("""COMPUTED_VALUE"""),107614.0) -> 107614 | AC70: 484507
B71: =IFERROR(__xludf.DUMMYFUNCTION("""COMPUTED_VALUE"""),"2024 Q1") -> 2024 Q1 | C71: =IFERROR(__xludf.DUMMYFUNCTION("""COMPUTED_VALUE"""),10322.0) -> 10322 | D71: =IFERROR(__xludf.DUMMYFUNCTION("""COMPUTED_VALUE"""),132847.0) -> 132847 | E71: =IFERROR(__xludf.DUMMYFUNCTION("""COMPUTED_VALUE"""),85820.0) -> 85820 | F71: =IFERROR(__xludf.DUMMYFUNCTION("""COMPUTED_VALUE"""),33703.0) -> 33703 | G71: =IFERROR(__xludf.DUMMYFUNCTION("""COMPUTED_VALUE"""),124118.0) -> 124118 | H71: 386810 | J71: =IFERROR(__xludf.DUMMYFUNCTION("""COMPUTED_VALUE"""),"2024 Q1") -> 2024 Q1 | L71: =IFERROR(__xludf.DUMMYFUNCTION("""COMPUTED_VALUE"""),2326.0) -> 2326 | M71: =IFERROR(__xludf.DUMMYFUNCTION("""COMPUTED_VALUE"""),600.0) -> 600 | N71: =IFERROR(__xludf.DUMMYFUNCTION("""COMPUTED_VALUE"""),7396.0) -> 7396 | O71: =IFERROR(__xludf.DUMMYFUNCTION("""COMPUTED_VALUE"""),32054.0) -> 32054 | P71: =IFERROR(__xludf.DUMMYFUNCTION("""COMPUTED_VALUE"""),427.0) -> 427 | Q71: =IFERROR(__xludf.DUMMYFUNCTION("""COMPUTED_VALUE"""),100366.0) -> 100366 | R71: =IFERROR(__xludf.DUMMYFUNCTION("""COMPUTED_VALUE"""),24490.0) -> 24490 | S71: =IFERROR(__xludf.DUMMYFUNCTION("""COMPUTED_VALUE"""),1149.0) -> 1149 | T71: =IFERROR(__xludf.DUMMYFUNCTION("""COMPUTED_VALUE"""),60181.0) -> 60181 | V71: =IFERROR(__xludf.DUMMYFUNCTION("""COMPUTED_VALUE"""),12499.0) -> 12499 | W71: =IFERROR(__xludf.DUMMYFUNCTION("""COMPUTED_VALUE"""),993.0) -> 993 | X71: =IFERROR(__xludf.DUMMYFUNCTION("""COMPUTED_VALUE"""),20211.0) -> 20211 | Y71: =IFERROR(__xludf.DUMMYFUNCTION("""COMPUTED_VALUE"""),2600.0) -> 2600 | Z71: =IFERROR(__xludf.DUMMYFUNCTION("""COMPUTED_VALUE"""),23000.0) -> 23000 | AA71: =IFERROR(__xludf.DUMMYFUNCTION("""COMPUTED_VALUE"""),11258.0) -> 11258 | AB71: =IFERROR(__xludf.DUMMYFUNCTION("""COMPUTED_VALUE"""),87260.0) -> 87260 | AC71: 386810
B72: =IFERROR(__xludf.DUMMYFUNCTION("""COMPUTED_VALUE"""),"2024 Q2") -> 2024 Q2 | C72: =IFERROR(__xludf.DUMMYFUNCTION("""COMPUTED_VALUE"""),10604.0) -> 10604 | D72: =IFERROR(__xludf.DUMMYFUNCTION("""COMPUTED_VALUE"""),146630.0) -> 146630 | E72: =IFERROR(__xludf.DUMMYFUNCTION("""COMPUTED_VALUE"""),78417.0) -> 78417 | F72: =IFERROR(__xludf.DUMMYFUNCTION("""COMPUTED_VALUE"""),39622.0) -> 39622 | G72: =IFERROR(__xludf.DUMMYFUNCTION("""COMPUTED_VALUE"""),168683.0) -> 168683 | H72: 443956 | J72: =IFERROR(__xludf.DUMMYFUNCTION("""COMPUTED_VALUE"""),"2024 Q2") -> 2024 Q2 | K72: =IFERROR(__xludf.DUMMYFUNCTION("""COMPUTED_VALUE"""),0.0) -> 0 | L72: =IFERROR(__xludf.DUMMYFUNCTION("""COMPUTED_VALUE"""),2680.0) -> 2680 | M72: =IFERROR(__xludf.DUMMYFUNCTION("""COMPUTED_VALUE"""),800.0) -> 800 | N72: =IFERROR(__xludf.DUMMYFUNCTION("""COMPUTED_VALUE"""),7124.0) -> 7124 | O72: =IFERROR(__xludf.DUMMYFUNCTION("""COMPUTED_VALUE"""),38446.0) -> 38446 | P72: =IFERROR(__xludf.DUMMYFUNCTION("""COMPUTED_VALUE"""),733.0) -> 733 | Q72: =IFERROR(__xludf.DUMMYFUNCTION("""COMPUTED_VALUE"""),107451.0) -> 107451 | R72: =IFERROR(__xludf.DUMMYFUNCTION("""COMPUTED_VALUE"""),31655.0) -> 31655 | S72: =IFERROR(__xludf.DUMMYFUNCTION("""COMPUTED_VALUE"""),715.0) -> 715 | T72: =IFERROR(__xludf.DUMMYFUNCTION("""COMPUTED_VALUE"""),46047.0) -> 46047 | V72: =IFERROR(__xludf.DUMMYFUNCTION("""COMPUTED_VALUE"""),18691.0) -> 18691 | W72: =IFERROR(__xludf.DUMMYFUNCTION("""COMPUTED_VALUE"""),648.0) -> 648 | X72: =IFERROR(__xludf.DUMMYFUNCTION("""COMPUTED_VALUE"""),20283.0) -> 20283 | Y72: =IFERROR(__xludf.DUMMYFUNCTION("""COMPUTED_VALUE"""),10100.0) -> 10100 | Z72: =IFERROR(__xludf.DUMMYFUNCTION("""COMPUTED_VALUE"""),45000.0) -> 45000 | AA72: =IFERROR(__xludf.DUMMYFUNCTION("""COMPUTED_VALUE"""),8555.0) -> 8555 | AB72: =IFERROR(__xludf.DUMMYFUNCTION("""COMPUTED_VALUE"""),105028.0) -> 105028 | AC72: 443956
B73: =IFERROR(__xludf.DUMMYFUNCTION("""COMPUTED_VALUE"""),"2024 Q3") -> 2024 Q3 | C73: =IFERROR(__xludf.DUMMYFUNCTION("""COMPUTED_VALUE"""),13996.0) -> 13996 | D73: =IFERROR(__xludf.DUMMYFUNCTION("""COMPUTED_VALUE"""),182206.0) -> 182206 | E73: =IFERROR(__xludf.DUMMYFUNCTION("""COMPUTED_VALUE"""),78279.0) -> 78279 | F73: =IFERROR(__xludf.DUMMYFUNCTION("""COMPUTED_VALUE"""),32428.0) -> 32428 | G73: =IFERROR(__xludf.DUMMYFUNCTION("""COMPUTED_VALUE"""),155981.0) -> 155981 | H73: 462890 | J73: =IFERROR(__xludf.DUMMYFUNCTION("""COMPUTED_VALUE"""),"2024 Q3") -> 2024 Q3 | K73: =IFERROR(__xludf.DUMMYFUNCTION("""COMPUTED_VALUE"""),0.0) -> 0 | L73: =IFERROR(__xludf.DUMMYFUNCTION("""COMPUTED_VALUE"""),4197.0) -> 4197 | M73: =IFERROR(__xludf.DUMMYFUNCTION("""COMPUTED_VALUE"""),570.0) -> 570 | N73: =IFERROR(__xludf.DUMMYFUNCTION("""COMPUTED_VALUE"""),9229.0) -> 9229 | O73: =IFERROR(__xludf.DUMMYFUNCTION("""COMPUTED_VALUE"""),52052.0) -> 52052 | P73: =IFERROR(__xludf.DUMMYFUNCTION("""COMPUTED_VALUE"""),323.0) -> 323 | Q73: =IFERROR(__xludf.DUMMYFUNCTION("""COMPUTED_VALUE"""),129831.0) -> 129831 | R73: =IFERROR(__xludf.DUMMYFUNCTION("""COMPUTED_VALUE"""),23471.0) -> 23471 | S73: =IFERROR(__xludf.DUMMYFUNCTION("""COMPUTED_VALUE"""),967.0) -> 967 | T73: =IFERROR(__xludf.DUMMYFUNCTION("""COMPUTED_VALUE"""),53841.0) -> 53841 | V73: =IFERROR(__xludf.DUMMYFUNCTION("""COMPUTED_VALUE"""),13659.0) -> 13659 | W73: =IFERROR(__xludf.DUMMYFUNCTION("""COMPUTED_VALUE"""),459.0) -> 459 | X73: =IFERROR(__xludf.DUMMYFUNCTION("""COMPUTED_VALUE"""),18310.0) -> 18310 | Y73: =IFERROR(__xludf.DUMMYFUNCTION("""COMPUTED_VALUE"""),14000.0) -> 14000 | Z73: =IFERROR(__xludf.DUMMYFUNCTION("""COMPUTED_VALUE"""),51000.0) -> 51000 | AA73: =IFERROR(__xludf.DUMMYFUNCTION("""COMPUTED_VALUE"""),6596.0) -> 6596 | AB73: =IFERROR(__xludf.DUMMYFUNCTION("""COMPUTED_VALUE"""),84385.0) -> 84385 | AC73: 462890
B74: =IFERROR(__xludf.DUMMYFUNCTION("""COMPUTED_VALUE"""),"2024 Q4") -> 2024 Q4 | C74: =IFERROR(__xludf.DUMMYFUNCTION("""COMPUTED_VALUE"""),10699.0) -> 10699 | D74: =IFERROR(__xludf.DUMMYFUNCTION("""COMPUTED_VALUE"""),197464.0) -> 197464 | E74: =IFERROR(__xludf.DUMMYFUNCTION("""COMPUTED_VALUE"""),83473.0) -> 83473 | F74: =IFERROR(__xludf.DUMMYFUNCTION("""COMPUTED_VALUE"""),32767.0) -> 32767 | G74: =IFERROR(__xludf.DUMMYFUNCTION("""COMPUTED_VALUE"""),171167.0) -> 171167 | H74: 495570 | J74: =IFERROR(__xludf.DUMMYFUNCTION("""COMPUTED_VALUE"""),"2024 Q4") -> 2024 Q4 | K74: =IFERROR(__xludf.DUMMYFUNCTION("""COMPUTED_VALUE"""),1540.0) -> 1540 | L74: =IFERROR(__xludf.DUMMYFUNCTION("""COMPUTED_VALUE"""),2012.0) -> 2012 | M74: =IFERROR(__xludf.DUMMYFUNCTION("""COMPUTED_VALUE"""),720.0) -> 720 | N74: =IFERROR(__xludf.DUMMYFUNCTION("""COMPUTED_VALUE"""),6427.0) -> 6427 | O74: =IFERROR(__xludf.DUMMYFUNCTION("""COMPUTED_VALUE"""),54241.0) -> 54241 | P74: =IFERROR(__xludf.DUMMYFUNCTION("""COMPUTED_VALUE"""),562.0) -> 562 | Q74: =IFERROR(__xludf.DUMMYFUNCTION("""COMPUTED_VALUE"""),142661.0) -> 142661 | R74: =IFERROR(__xludf.DUMMYFUNCTION("""COMPUTED_VALUE"""),25622.0) -> 25622 | S74: =IFERROR(__xludf.DUMMYFUNCTION("""COMPUTED_VALUE"""),540.0) -> 540 | T74: =IFERROR(__xludf.DUMMYFUNCTION("""COMPUTED_VALUE"""),57311.0) -> 57311 | V74: =IFERROR(__xludf.DUMMYFUNCTION("""COMPUTED_VALUE"""),11651.0) -> 11651 | W74: =IFERROR(__xludf.DUMMYFUNCTION("""COMPUTED_VALUE"""),462.0) -> 462 | X74: =IFERROR(__xludf.DUMMYFUNCTION("""COMPUTED_VALUE"""),20654.0) -> 20654 | Y74: =IFERROR(__xludf.DUMMYFUNCTION("""COMPUTED_VALUE"""),12500.0) -> 12500 | Z74: =IFERROR(__xludf.DUMMYFUNCTION("""COMPUTED_VALUE"""),56000.0) -> 56000 | AA74: =IFERROR(__xludf.DUMMYFUNCTION("""COMPUTED_VALUE"""),7316.0) -> 7316 | AB74: =IFERROR(__xludf.DUMMYFUNCTION("""COMPUTED_VALUE"""),95351.0) -> 95351 | AC74: 495570
B75: =IFERROR(__xludf.DUMMYFUNCTION("""COMPUTED_VALUE"""),"2025 Q1") -> 2025 Q1 | C75: =IFERROR(__xludf.DUMMYFUNCTION("""COMPUTED_VALUE"""),4046.0) -> 4046 | D75: =IFERROR(__xludf.DUMMYFUNCTION("""COMPUTED_VALUE"""),134913.0) -> 134913 | E75: =IFERROR(__xludf.DUMMYFUNCTION("""COMPUTED_VALUE"""),53952.0) -> 53952 | F75: =IFERROR(__xludf.DUMMYFUNCTION("""COMPUTED_VALUE"""),23426.0) -> 23426 | G75: =IFERROR(__xludf.DUMMYFUNCTION("""COMPUTED_VALUE"""),120344.0) -> 120344 | H75: 336681 | J75: =IFERROR(__xludf.DUMMYFUNCTION("""COMPUTED_VALUE"""),"2025 Q1") -> 2025 Q1 | K75: =IFERROR(__xludf.DUMMYFUNCTION("""COMPUTED_VALUE"""),517.0) -> 517 | L75: =IFERROR(__xludf.DUMMYFUNCTION("""COMPUTED_VALUE"""),416.0) -> 416 | M75: =IFERROR(__xludf.DUMMYFUNCTION("""COMPUTED_VALUE"""),180.0) -> 180 | N75: =IFERROR(__xludf.DUMMYFUNCTION("""COMPUTED_VALUE"""),2933.0) -> 2933 | O75: =IFERROR(__xludf.DUMMYFUNCTION("""COMPUTED_VALUE"""),52718.0) -> 52718 | P75: =IFERROR(__xludf.DUMMYFUNCTION("""COMPUTED_VALUE"""),306.0) -> 306 | Q75: =IFERROR(__xludf.DUMMYFUNCTION("""COMPUTED_VALUE"""),81889.0) -> 81889 | R75: =IFERROR(__xludf.DUMMYFUNCTION("""COMPUTED_VALUE"""),21857.0) -> 21857 | S75: =IFERROR(__xludf.DUMMYFUNCTION("""COMPUTED_VALUE"""),400.0) -> 400 | T75: =IFERROR(__xludf.DUMMYFUNCTION("""COMPUTED_VALUE"""),31695.0) -> 31695 | V75: =IFERROR(__xludf.DUMMYFUNCTION("""COMPUTED_VALUE"""),9927.0) -> 9927 | W75: =IFERROR(__xludf.DUMMYFUNCTION("""COMPUTED_VALUE"""),364.0) -> 364 | X75: =IFERROR(__xludf.DUMMYFUNCTION("""COMPUTED_VALUE"""),13135.0) -> 13135 | Y75: =IFERROR(__xludf.DUMMYFUNCTION("""COMPUTED_VALUE"""),4878.0) -> 4878 | Z75: =IFERROR(__xludf.DUMMYFUNCTION("""COMPUTED_VALUE"""),50640.0) -> 50640 | AA75: =IFERROR(__xludf.DUMMYFUNCTION("""COMPUTED_VALUE"""),6236.0) -> 6236 | AB75: =IFERROR(__xludf.DUMMYFUNCTION("""COMPUTED_VALUE"""),58590.0) -> 58590 | AC75: 336681
B76: =IFERROR(__xludf.DUMMYFUNCTION("""COMPUTED_VALUE"""),"2025 Q2") -> 2025 Q2 | C76: =IFERROR(__xludf.DUMMYFUNCTION("""COMPUTED_VALUE"""),2968.0) -> 2968 | D76: =IFERROR(__xludf.DUMMYFUNCTION("""COMPUTED_VALUE"""),129035.0) -> 129035 | E76: =IFERROR(__xludf.DUMMYFUNCTION("""COMPUTED_VALUE"""),55891.0) -> 55891 | F76: =IFERROR(__xludf.DUMMYFUNCTION("""COMPUTED_VALUE"""),47086.0) -> 47086 | G76: =IFERROR(__xludf.DUMMYFUNCTION("""COMPUTED_VALUE"""),149142.0) -> 149142 | H76: 384122 | J76: =IFERROR(__xludf.DUMMYFUNCTION("""COMPUTED_VALUE"""),"2025 Q2") -> 2025 Q2 | K76: =IFERROR(__xludf.DUMMYFUNCTION("""COMPUTED_VALUE"""),490.0) -> 490 | L76: =IFERROR(__xludf.DUMMYFUNCTION("""COMPUTED_VALUE"""),872.0) -> 872 | M76: =IFERROR(__xludf.DUMMYFUNCTION("""COMPUTED_VALUE"""),72.0) -> 72 | N76: =IFERROR(__xludf.DUMMYFUNCTION("""COMPUTED_VALUE"""),1534.0) -> 1534 | O76: =IFERROR(__xludf.DUMMYFUNCTION("""COMPUTED_VALUE"""),39201.0) -> 39201 | P76: =IFERROR(__xludf.DUMMYFUNCTION("""COMPUTED_VALUE"""),232.0) -> 232 | Q76: =IFERROR(__xludf.DUMMYFUNCTION("""COMPUTED_VALUE"""),89602.0) -> 89602 | R76: =IFERROR(__xludf.DUMMYFUNCTION("""COMPUTED_VALUE"""),16583.0) -> 16583 | S76: =IFERROR(__xludf.DUMMYFUNCTION("""COMPUTED_VALUE"""),163.0) -> 163 | T76: =IFERROR(__xludf.DUMMYFUNCTION("""COMPUTED_VALUE"""),39145.0) -> 39145 | V76: =IFERROR(__xludf.DUMMYFUNCTION("""COMPUTED_VALUE"""),6764.0) -> 6764 | W76: =IFERROR(__xludf.DUMMYFUNCTION("""COMPUTED_VALUE"""),97.0) -> 97 | X76: =IFERROR(__xludf.DUMMYFUNCTION("""COMPUTED_VALUE"""),40225.0) -> 40225 | Y76: =IFERROR(__xludf.DUMMYFUNCTION("""COMPUTED_VALUE"""),4900.0) -> 4900 | Z76: =IFERROR(__xludf.DUMMYFUNCTION("""COMPUTED_VALUE"""),49000.0) -> 49000 | AA76: =IFERROR(__xludf.DUMMYFUNCTION("""COMPUTED_VALUE"""),4440.0) -> 4440 | AB76: =IFERROR(__xludf.DUMMYFUNCTION("""COMPUTED_VALUE"""),90802.0) -> 90802 | AC76: 384122
B77: =IFERROR(__xludf.DUMMYFUNCTION("""COMPUTED_VALUE"""),"2025 Q3") -> 2025 Q3 | C77: =IFERROR(__xludf.DUMMYFUNCTION("""COMPUTED_VALUE"""),2128.0) -> 2128 | D77: =IFERROR(__xludf.DUMMYFUNCTION("""COMPUTED_VALUE"""),169447.0) -> 169447 | E77: =IFERROR(__xludf.DUMMYFUNCTION("""COMPUTED_VALUE"""),63535.0) -> 63535 | F77: =IFERROR(__xludf.DUMMYFUNCTION("""COMPUTED_VALUE"""),66963.0) -> 66963 | G77: =IFERROR(__xludf.DUMMYFUNCTION("""COMPUTED_VALUE"""),195026.0) -> 195026 | H77: 497099 | J77: =IFERROR(__xludf.DUMMYFUNCTION("""COMPUTED_VALUE"""),"2025 Q3") -> 2025 Q3 | K77: =IFERROR(__xludf.DUMMYFUNCTION("""COMPUTED_VALUE"""),490.0) -> 490 | L77: =IFERROR(__xludf.DUMMYFUNCTION("""COMPUTED_VALUE"""),57.0) -> 57 | M77: =IFERROR(__xludf.DUMMYFUNCTION("""COMPUTED_VALUE"""),10.0) -> 10 | N77: =IFERROR(__xludf.DUMMYFUNCTION("""COMPUTED_VALUE"""),1571.0) -> 1571 | O77: =IFERROR(__xludf.DUMMYFUNCTION("""COMPUTED_VALUE"""),47942.0) -> 47942 | P77: =IFERROR(__xludf.DUMMYFUNCTION("""COMPUTED_VALUE"""),153.0) -> 153 | Q77: =IFERROR(__xludf.DUMMYFUNCTION("""COMPUTED_VALUE"""),121352.0) -> 121352 | R77: =IFERROR(__xludf.DUMMYFUNCTION("""COMPUTED_VALUE"""),21828.0) -> 21828 | S77: =IFERROR(__xludf.DUMMYFUNCTION("""COMPUTED_VALUE"""),133.0) -> 133 | T77: =IFERROR(__xludf.DUMMYFUNCTION("""COMPUTED_VALUE"""),41574.0) -> 41574 | V77: =IFERROR(__xludf.DUMMYFUNCTION("""COMPUTED_VALUE"""),10138.0) -> 10138 | W77: =IFERROR(__xludf.DUMMYFUNCTION("""COMPUTED_VALUE"""),71.0) -> 71 | X77: =IFERROR(__xludf.DUMMYFUNCTION("""COMPUTED_VALUE"""),56754.0) -> 56754 | Y77: =IFERROR(__xludf.DUMMYFUNCTION("""COMPUTED_VALUE"""),5290.0) -> 5290 | Z77: =IFERROR(__xludf.DUMMYFUNCTION("""COMPUTED_VALUE"""),45000.0) -> 45000 | AA77: =IFERROR(__xludf.DUMMYFUNCTION("""COMPUTED_VALUE"""),9786.0) -> 9786 | AB77: =IFERROR(__xludf.DUMMYFUNCTION("""COMPUTED_VALUE"""),134950.0) -> 134950 | AC77: 497099
B78: =IFERROR(__xludf.DUMMYFUNCTION("""COMPUTED_VALUE"""),"2025 Q4") -> 2025 Q4 | C78: =IFERROR(__xludf.DUMMYFUNCTION("""COMPUTED_VALUE"""),1988.0) -> 1988 | D78: =IFERROR(__xludf.DUMMYFUNCTION("""COMPUTED_VALUE"""),193199.0) -> 193199 | E78: =IFERROR(__xludf.DUMMYFUNCTION("""COMPUTED_VALUE"""),64904.0) -> 64904 | F78: =IFERROR(__xludf.DUMMYFUNCTION("""COMPUTED_VALUE"""),47721.0) -> 47721 | G78: =IFERROR(__xludf.DUMMYFUNCTION("""COMPUTED_VALUE"""),110415.0) -> 110415 | H78: 418227 | J78: =IFERROR(__xludf.DUMMYFUNCTION("""COMPUTED_VALUE"""),"2025 Q4") -> 2025 Q4 | K78: =IFERROR(__xludf.DUMMYFUNCTION("""COMPUTED_VALUE"""),200.0) -> 200 | L78: =IFERROR(__xludf.DUMMYFUNCTION("""COMPUTED_VALUE"""),106.0) -> 106 | M78: =IFERROR(__xludf.DUMMYFUNCTION("""COMPUTED_VALUE"""),17.0) -> 17 | N78: =IFERROR(__xludf.DUMMYFUNCTION("""COMPUTED_VALUE"""),1665.0) -> 1665 | O78: =IFERROR(__xludf.DUMMYFUNCTION("""COMPUTED_VALUE"""),60500.0) -> 60500 | P78: =IFERROR(__xludf.DUMMYFUNCTION("""COMPUTED_VALUE"""),205.0) -> 205 | Q78: =IFERROR(__xludf.DUMMYFUNCTION("""COMPUTED_VALUE"""),132494.0) -> 132494 | R78: =IFERROR(__xludf.DUMMYFUNCTION("""COMPUTED_VALUE"""),23407.0) -> 23407 | S78: =IFERROR(__xludf.DUMMYFUNCTION("""COMPUTED_VALUE"""),374.0) -> 374 | T78: =IFERROR(__xludf.DUMMYFUNCTION("""COMPUTED_VALUE"""),41123.0) -> 41123 | U78: =IFERROR(__xludf.DUMMYFUNCTION("""COMPUTED_VALUE"""),356.0) -> 356 | V78: =IFERROR(__xludf.DUMMYFUNCTION("""COMPUTED_VALUE"""),10242.0) -> 10242 | W78: =IFERROR(__xludf.DUMMYFUNCTION("""COMPUTED_VALUE"""),338.0) -> 338 | X78: =IFERROR(__xludf.DUMMYFUNCTION("""COMPUTED_VALUE"""),36785.0) -> 36785 | Y78: =IFERROR(__xludf.DUMMYFUNCTION("""COMPUTED_VALUE"""),3700.0) -> 3700 | Z78: =IFERROR(__xludf.DUMMYFUNCTION("""COMPUTED_VALUE"""),22170.0) -> 22170 | AA78: =IFERROR(__xludf.DUMMYFUNCTION("""COMPUTED_VALUE"""),6452.0) -> 6452 | AB78: =IFERROR(__xludf.DUMMYFUNCTION("""COMPUTED_VALUE"""),78093.0) -> 78093 | AC78: 418227
B79: =IFERROR(__xludf.DUMMYFUNCTION("""COMPUTED_VALUE"""),"Total") -> Total | C79: =IFERROR(__xludf.DUMMYFUNCTION("""COMPUTED_VALUE"""),227884.0) -> 227884 | D79: =IFERROR(__xludf.DUMMYFUNCTION("""COMPUTED_VALUE"""),2891283.0) -> 2891283 | E79: =IFERROR(__xludf.DUMMYFUNCTION("""COMPUTED_VALUE"""),1646943.0) -> 1646943 | F79: =IFERROR(__xludf.DUMMYFUNCTION("""COMPUTED_VALUE"""),657995.0) -> 657995 | G79: =IFERROR(__xludf.DUMMYFUNCTION("""COMPUTED_VALUE"""),3459619.0) -> 3459619 | H79: 8883724 | J79: =IFERROR(__xludf.DUMMYFUNCTION("""COMPUTED_VALUE"""),"Total") -> Total | K79: =IFERROR(__xludf.DUMMYFUNCTION("""COMPUTED_VALUE"""),3237.0) -> 3237 | L79: =IFERROR(__xludf.DUMMYFUNCTION("""COMPUTED_VALUE"""),104339.0) -> 104339 | M79: =IFERROR(__xludf.DUMMYFUNCTION("""COMPUTED_VALUE"""),23207.0) -> 23207 | N79: =IFERROR(__xludf.DUMMYFUNCTION("""COMPUTED_VALUE"""),97101.0) -> 97101 | O79: =IFERROR(__xludf.DUMMYFUNCTION("""COMPUTED_VALUE"""),968981.0) -> 968981 | P79: =IFERROR(__xludf.DUMMYFUNCTION("""COMPUTED_VALUE"""),75095.0) -> 75095 | Q79: =IFERROR(__xludf.DUMMYFUNCTION("""COMPUTED_VALUE"""),1847207.0) -> 1847207 | R79: =IFERROR(__xludf.DUMMYFUNCTION("""COMPUTED_VALUE"""),709725.0) -> 709725 | S79: =IFERROR(__xludf.DUMMYFUNCTION("""COMPUTED_VALUE"""),147042.0) -> 147042 | T79: =IFERROR(__xludf.DUMMYFUNCTION("""COMPUTED_VALUE"""),790176.0) -> 790176 | U79: =IFERROR(__xludf.DUMMYFUNCTION("""COMPUTED_VALUE"""),356.0) -> 356 | V79: =IFERROR(__xludf.DUMMYFUNCTION("""COMPUTED_VALUE"""),249445.0) -> 249445 | W79: =IFERROR(__xludf.DUMMYFUNCTION("""COMPUTED_VALUE"""),33568.0) -> 33568 | X79: =IFERROR(__xludf.DUMMYFUNCTION("""COMPUTED_VALUE"""),374626.0) -> 374626 | Y79: =IFERROR(__xludf.DUMMYFUNCTION("""COMPUTED_VALUE"""),58092.0) -> 58092 | Z79: =IFERROR(__xludf.DUMMYFUNCTION("""COMPUTED_VALUE"""),1299275.0) -> 1299275 | AA79: =IFERROR(__xludf.DUMMYFUNCTION("""COMPUTED_VALUE"""),464394.0) -> 464394 | AB79: =IFERROR(__xludf.DUMMYFUNCTION("""COMPUTED_VALUE"""),1637858.0) -> 1637858 | AC79: 8883724
B83: ROW (Rest of the World) includes these countries:
B84: • Australia
B85: • Hong Kong
B86: • Israel
B87: • Japan
B88: • Malaysia
B89: • New Zealand
B90: • Singapore
B91: • South Korea
B92: • Taiwan
B93: • Thailand
B94: • Turkiye
B95: • United Arab Emirates

Sheet Deliveries 2
I1: =IFERROR(__xludf.DUMMYFUNCTION("transpose(split(I3,"",""))"),"APAC") -> APAC | J1: =IFERROR(__xludf.DUMMYFUNCTION("transpose(split(J3,"",""))"),"APAC") -> APAC | K1: =IFERROR(__xludf.DUMMYFUNCTION("transpose(split(K3,"",""))"),"APAC") -> APAC | L1: =IFERROR(__xludf.DUMMYFUNCTION("transpose(split(L3,"",""))"),"APAC") -> APAC | M1: =IFERROR(__xludf.DUMMYFUNCTION("transpose(split(M3,"",""))"),"Europe") -> Europe | N1: =IFERROR(__xludf.DUMMYFUNCTION("transpose(split(N3,"",""))"),"Europe") -> Europe | O1: =IFERROR(__xludf.DUMMYFUNCTION("transpose(split(O3,"",""))"),"Europe") -> Europe | P1: =IFERROR(__xludf.DUMMYFUNCTION("transpose(split(P3,"",""))"),"North America") -> North America | Q1: =IFERROR(__xludf.DUMMYFUNCTION("transpose(split(Q3,"",""))"),"North America") -> North America | R1: =IFERROR(__xludf.DUMMYFUNCTION("transpose(split(R3,"",""))"),"North America") -> North America | S1: =IFERROR(__xludf.DUMMYFUNCTION("transpose(split(S3,"",""))"),"North America") -> North America | T1: Total
B2: Deliveries | C2: =C3 -> APAC | D2: =D3 -> Europe | E2: =E3 -> North America | F2: {={"All models";"";if($H4:$H18="",,mmult(n($I$4:$S$18),transpose(sign(column($I$4:$S$18)))))}} -> All models | H2: Deliveries | I2: =IFERROR(__xludf.DUMMYFUNCTION("""COMPUTED_VALUE"""),"Cybertruck") -> Cybertruck | J2: =IFERROR(__xludf.DUMMYFUNCTION("""COMPUTED_VALUE"""),"Model 3") -> Model 3 | K2: =IFERROR(__xludf.DUMMYFUNCTION("""COMPUTED_VALUE"""),"Model S/X") -> Model S/X | L2: =IFERROR(__xludf.DUMMYFUNCTION("""COMPUTED_VALUE"""),"Model Y") -> Model Y | M2: =IFERROR(__xludf.DUMMYFUNCTION("""COMPUTED_VALUE"""),"Model 3") -> Model 3 | N2: =IFERROR(__xludf.DUMMYFUNCTION("""COMPUTED_VALUE"""),"Model S/X") -> Model S/X | O2: =IFERROR(__xludf.DUMMYFUNCTION("""COMPUTED_VALUE"""),"Model Y") -> Model Y | P2: =IFERROR(__xludf.DUMMYFUNCTION("""COMPUTED_VALUE"""),"Cybertruck") -> Cybertruck | Q2: =IFERROR(__xludf.DUMMYFUNCTION("""COMPUTED_VALUE"""),"Model 3") -> Model 3 | R2: =IFERROR(__xludf.DUMMYFUNCTION("""COMPUTED_VALUE"""),"Model S/X") -> Model S/X | S2: =IFERROR(__xludf.DUMMYFUNCTION("""COMPUTED_VALUE"""),"Model Y") -> Model Y | T2: {={"All models";"";if($H4:$H18="",,mmult(n($I$4:$S$18),transpose(sign(column($I$4:$S$18)))))}} -> All models
B3: =IFERROR(__xludf.DUMMYFUNCTION("{query({Delivery_Data!$A:$I},""select Col1,sum(Col8) where Col1 is not null and Col8 is not null group by Col1 pivot Col7"",1);index(query({Delivery_Data!$A:$I},""select 'Total',sum(Col8) where Col1 is not null and Col8 is not null pivot Col7"",1),2,0)}"),"Year") -> Year | C3: =IFERROR(__xludf.DUMMYFUNCTION("""COMPUTED_VALUE"""),"APAC") -> APAC | D3: =IFERROR(__xludf.DUMMYFUNCTION("""COMPUTED_VALUE"""),"Europe") -> Europe | E3: =IFERROR(__xludf.DUMMYFUNCTION("""COMPUTED_VALUE"""),"North America") -> North America | H3: =IFERROR(__xludf.DUMMYFUNCTION("{query({Delivery_Data!$A:$I},""select Col1,sum(Col8) where Col1 is not null and Col8 is not null group by Col1 pivot Col7,Col4"",1);index(query({Delivery_Data!$A:$I},""select 'Total',sum(Col8) where Col1 is not null and Col8 is not null pivot Col7,Col4"","&"1),2,0)}"),"Year") -> Year | I3: =IFERROR(__xludf.DUMMYFUNCTION("""COMPUTED_VALUE"""),"APAC,Cybertruck") -> APAC,Cybertruck | J3: =IFERROR(__xludf.DUMMYFUNCTION("""COMPUTED_VALUE"""),"APAC,Model 3") -> APAC,Model 3 | K3: =IFERROR(__xludf.DUMMYFUNCTION("""COMPUTED_VALUE"""),"APAC,Model S/X") -> APAC,Model S/X | L3: =IFERROR(__xludf.DUMMYFUNCTION("""COMPUTED_VALUE"""),"APAC,Model Y") -> APAC,Model Y | M3: =IFERROR(__xludf.DUMMYFUNCTION("""COMPUTED_VALUE"""),"Europe,Model 3") -> Europe,Model 3 | N3: =IFERROR(__xludf.DUMMYFUNCTION("""COMPUTED_VALUE"""),"Europe,Model S/X") -> Europe,Model S/X | O3: =IFERROR(__xludf.DUMMYFUNCTION("""COMPUTED_VALUE"""),"Europe,Model Y") -> Europe,Model Y | P3: =IFERROR(__xludf.DUMMYFUNCTION("""COMPUTED_VALUE"""),"North America,Cybertruck") -> North America,Cybertruck | Q3: =IFERROR(__xludf.DUMMYFUNCTION("""COMPUTED_VALUE"""),"North America,Model 3") -> North America,Model 3 | R3: =IFERROR(__xludf.DUMMYFUNCTION("""COMPUTED_VALUE"""),"North America,Model S/X") -> North America,Model S/X | S3: =IFERROR(__xludf.DUMMYFUNCTION("""COMPUTED_VALUE"""),"North America,Model Y") -> North America,Model Y
B4: =IFERROR(__xludf.DUMMYFUNCTION("""COMPUTED_VALUE"""),2012.0) -> 2012 | E4: =IFERROR(__xludf.DUMMYFUNCTION("""COMPUTED_VALUE"""),2650.0) -> 2650 | F4: 2650 | H4: =IFERROR(__xludf.DUMMYFUNCTION("""COMPUTED_VALUE"""),2012.0) -> 2012 | R4: =IFERROR(__xludf.DUMMYFUNCTION("""COMPUTED_VALUE"""),2650.0) -> 2650 | T4: 2650
B5: =IFERROR(__xludf.DUMMYFUNCTION("""COMPUTED_VALUE"""),2013.0) -> 2013 | D5: =IFERROR(__xludf.DUMMYFUNCTION("""COMPUTED_VALUE"""),3893.0) -> 3893 | E5: =IFERROR(__xludf.DUMMYFUNCTION("""COMPUTED_VALUE"""),18584.0) -> 18584 | F5: 22477 | H5: =IFERROR(__xludf.DUMMYFUNCTION("""COMPUTED_VALUE"""),2013.0) -> 2013 | N5: =IFERROR(__xludf.DUMMYFUNCTION("""COMPUTED_VALUE"""),3893.0) -> 3893 | R5: =IFERROR(__xludf.DUMMYFUNCTION("""COMPUTED_VALUE"""),18584.0) -> 18584 | T5: 22477
B6: =IFERROR(__xludf.DUMMYFUNCTION("""COMPUTED_VALUE"""),2014.0) -> 2014 | C6: =IFERROR(__xludf.DUMMYFUNCTION("""COMPUTED_VALUE"""),4661.0) -> 4661 | D6: =IFERROR(__xludf.DUMMYFUNCTION("""COMPUTED_VALUE"""),9521.0) -> 9521 | E6: =IFERROR(__xludf.DUMMYFUNCTION("""COMPUTED_VALUE"""),17473.0) -> 17473 | F6: 31655 | H6: =IFERROR(__xludf.DUMMYFUNCTION("""COMPUTED_VALUE"""),2014.0) -> 2014 | K6: =IFERROR(__xludf.DUMMYFUNCTION("""COMPUTED_VALUE"""),4661.0) -> 4661 | N6: =IFERROR(__xludf.DUMMYFUNCTION("""COMPUTED_VALUE"""),9521.0) -> 9521 | R6: =IFERROR(__xludf.DUMMYFUNCTION("""COMPUTED_VALUE"""),17473.0) -> 17473 | T6: 31655
B7: =IFERROR(__xludf.DUMMYFUNCTION("""COMPUTED_VALUE"""),2015.0) -> 2015 | C7: =IFERROR(__xludf.DUMMYFUNCTION("""COMPUTED_VALUE"""),7155.0) -> 7155 | D7: =IFERROR(__xludf.DUMMYFUNCTION("""COMPUTED_VALUE"""),16701.0) -> 16701 | E7: =IFERROR(__xludf.DUMMYFUNCTION("""COMPUTED_VALUE"""),26802.0) -> 26802 | F7: 50658 | H7: =IFERROR(__xludf.DUMMYFUNCTION("""COMPUTED_VALUE"""),2015.0) -> 2015 | K7: =IFERROR(__xludf.DUMMYFUNCTION("""COMPUTED_VALUE"""),7155.0) -> 7155 | N7: =IFERROR(__xludf.DUMMYFUNCTION("""COMPUTED_VALUE"""),16701.0) -> 16701 | R7: =IFERROR(__xludf.DUMMYFUNCTION("""COMPUTED_VALUE"""),26802.0) -> 26802 | T7: 50658
B8: =IFERROR(__xludf.DUMMYFUNCTION("""COMPUTED_VALUE"""),2016.0) -> 2016 | C8: =IFERROR(__xludf.DUMMYFUNCTION("""COMPUTED_VALUE"""),12037.0) -> 12037 | D8: =IFERROR(__xludf.DUMMYFUNCTION("""COMPUTED_VALUE"""),16230.0) -> 16230 | E8: =IFERROR(__xludf.DUMMYFUNCTION("""COMPUTED_VALUE"""),48018.0) -> 48018 | F8: 76285 | H8: =IFERROR(__xludf.DUMMYFUNCTION("""COMPUTED_VALUE"""),2016.0) -> 2016 | K8: =IFERROR(__xludf.DUMMYFUNCTION("""COMPUTED_VALUE"""),12037.0) -> 12037 | N8: =IFERROR(__xludf.DUMMYFUNCTION("""COMPUTED_VALUE"""),16230.0) -> 16230 | R8: =IFERROR(__xludf.DUMMYFUNCTION("""COMPUTED_VALUE"""),48018.0) -> 48018 | T8: 76285
B9: =IFERROR(__xludf.DUMMYFUNCTION("""COMPUTED_VALUE"""),2017.0) -> 2017 | C9: =IFERROR(__xludf.DUMMYFUNCTION("""COMPUTED_VALUE"""),22152.0) -> 22152 | D9: =IFERROR(__xludf.DUMMYFUNCTION("""COMPUTED_VALUE"""),28279.0) -> 28279 | E9: =IFERROR(__xludf.DUMMYFUNCTION("""COMPUTED_VALUE"""),52750.0) -> 52750 | F9: 103181 | H9: =IFERROR(__xludf.DUMMYFUNCTION("""COMPUTED_VALUE"""),2017.0) -> 2017 | K9: =IFERROR(__xludf.DUMMYFUNCTION("""COMPUTED_VALUE"""),22152.0) -> 22152 | N9: =IFERROR(__xludf.DUMMYFUNCTION("""COMPUTED_VALUE"""),28279.0) -> 28279 | Q9: =IFERROR(__xludf.DUMMYFUNCTION("""COMPUTED_VALUE"""),1764.0) -> 1764 | R9: =IFERROR(__xludf.DUMMYFUNCTION("""COMPUTED_VALUE"""),50986.0) -> 50986 | T9: 103181
B10: =IFERROR(__xludf.DUMMYFUNCTION("""COMPUTED_VALUE"""),2018.0) -> 2018 | C10: =IFERROR(__xludf.DUMMYFUNCTION("""COMPUTED_VALUE"""),18408.0) -> 18408 | D10: =IFERROR(__xludf.DUMMYFUNCTION("""COMPUTED_VALUE"""),29257.0) -> 29257 | E10: =IFERROR(__xludf.DUMMYFUNCTION("""COMPUTED_VALUE"""),197841.0) -> 197841 | F10: 245506 | H10: =IFERROR(__xludf.DUMMYFUNCTION("""COMPUTED_VALUE"""),2018.0) -> 2018 | K10: =IFERROR(__xludf.DUMMYFUNCTION("""COMPUTED_VALUE"""),18408.0) -> 18408 | N10: =IFERROR(__xludf.DUMMYFUNCTION("""COMPUTED_VALUE"""),29257.0) -> 29257 | Q10: =IFERROR(__xludf.DUMMYFUNCTION("""COMPUTED_VALUE"""),146055.0) -> 146055 | R10: =IFERROR(__xludf.DUMMYFUNCTION("""COMPUTED_VALUE"""),51786.0) -> 51786 | T10: 245506
B11: =IFERROR(__xludf.DUMMYFUNCTION("""COMPUTED_VALUE"""),2019.0) -> 2019 | C11: =IFERROR(__xludf.DUMMYFUNCTION("""COMPUTED_VALUE"""),53258.0) -> 53258 | D11: =IFERROR(__xludf.DUMMYFUNCTION("""COMPUTED_VALUE"""),111119.0) -> 111119 | E11: =IFERROR(__xludf.DUMMYFUNCTION("""COMPUTED_VALUE"""),203279.0) -> 203279 | F11: 367656 | H11: =IFERROR(__xludf.DUMMYFUNCTION("""COMPUTED_VALUE"""),2019.0) -> 2019 | J11: =IFERROR(__xludf.DUMMYFUNCTION("""COMPUTED_VALUE"""),37732.0) -> 37732 | K11: =IFERROR(__xludf.DUMMYFUNCTION("""COMPUTED_VALUE"""),15526.0) -> 15526 | M11: =IFERROR(__xludf.DUMMYFUNCTION("""COMPUTED_VALUE"""),95884.0) -> 95884 | N11: =IFERROR(__xludf.DUMMYFUNCTION("""COMPUTED_VALUE"""),15235.0) -> 15235 | Q11: =IFERROR(__xludf.DUMMYFUNCTION("""COMPUTED_VALUE"""),167269.0) -> 167269 | R11: =IFERROR(__xludf.DUMMYFUNCTION("""COMPUTED_VALUE"""),36010.0) -> 36010 | T11: 367656
B12: =IFERROR(__xludf.DUMMYFUNCTION("""COMPUTED_VALUE"""),2020.0) -> 2020 | C12: =IFERROR(__xludf.DUMMYFUNCTION("""COMPUTED_VALUE"""),173659.0) -> 173659 | D12: =IFERROR(__xludf.DUMMYFUNCTION("""COMPUTED_VALUE"""),99186.0) -> 99186 | E12: =IFERROR(__xludf.DUMMYFUNCTION("""COMPUTED_VALUE"""),226802.0) -> 226802 | F12: 499647 | H12: =IFERROR(__xludf.DUMMYFUNCTION("""COMPUTED_VALUE"""),2020.0) -> 2020 | J12: =IFERROR(__xludf.DUMMYFUNCTION("""COMPUTED_VALUE"""),164412.0) -> 164412 | K12: =IFERROR(__xludf.DUMMYFUNCTION("""COMPUTED_VALUE"""),9247.0) -> 9247 | M12: =IFERROR(__xludf.DUMMYFUNCTION("""COMPUTED_VALUE"""),87976.0) -> 87976 | N12: =IFERROR(__xludf.DUMMYFUNCTION("""COMPUTED_VALUE"""),11210.0) -> 11210 | Q12: =IFERROR(__xludf.DUMMYFUNCTION("""COMPUTED_VALUE"""),103862.0) -> 103862 | R12: =IFERROR(__xludf.DUMMYFUNCTION("""COMPUTED_VALUE"""),36628.0) -> 36628 | S12: =IFERROR(__xludf.DUMMYFUNCTION("""COMPUTED_VALUE"""),86312.0) -> 86312 | T12: 499647
B13: =IFERROR(__xludf.DUMMYFUNCTION("""COMPUTED_VALUE"""),2021.0) -> 2021 | C13: =IFERROR(__xludf.DUMMYFUNCTION("""COMPUTED_VALUE"""),380497.0) -> 380497 | D13: =IFERROR(__xludf.DUMMYFUNCTION("""COMPUTED_VALUE"""),169351.0) -> 169351 | E13: =IFERROR(__xludf.DUMMYFUNCTION("""COMPUTED_VALUE"""),386374.0) -> 386374 | F13: 936222 | H13: =IFERROR(__xludf.DUMMYFUNCTION("""COMPUTED_VALUE"""),2021.0) -> 2021 | J13: =IFERROR(__xludf.DUMMYFUNCTION("""COMPUTED_VALUE"""),198141.0) -> 198141 | K13: =IFERROR(__xludf.DUMMYFUNCTION("""COMPUTED_VALUE"""),630.0) -> 630 | L13: =IFERROR(__xludf.DUMMYFUNCTION("""COMPUTED_VALUE"""),181726.0) -> 181726 | M13: =IFERROR(__xludf.DUMMYFUNCTION("""COMPUTED_VALUE"""),143664.0) -> 143664 | N13: =IFERROR(__xludf.DUMMYFUNCTION("""COMPUTED_VALUE"""),310.0) -> 310 | O13: =IFERROR(__xludf.DUMMYFUNCTION("""COMPUTED_VALUE"""),25377.0) -> 25377 | Q13: =IFERROR(__xludf.DUMMYFUNCTION("""COMPUTED_VALUE"""),168379.0) -> 168379 | R13: =IFERROR(__xludf.DUMMYFUNCTION("""COMPUTED_VALUE"""),24040.0) -> 24040 | S13: =IFERROR(__xludf.DUMMYFUNCTION("""COMPUTED_VALUE"""),193955.0) -> 193955 | T13: 936222
B14: =IFERROR(__xludf.DUMMYFUNCTION("""COMPUTED_VALUE"""),2022.0) -> 2022 | C14: =IFERROR(__xludf.DUMMYFUNCTION("""COMPUTED_VALUE"""),524445.0) -> 524445 | D14: =IFERROR(__xludf.DUMMYFUNCTION("""COMPUTED_VALUE"""),233964.0) -> 233964 | E14: =IFERROR(__xludf.DUMMYFUNCTION("""COMPUTED_VALUE"""),555442.0) -> 555442 | F14: 1313851 | H14: =IFERROR(__xludf.DUMMYFUNCTION("""COMPUTED_VALUE"""),2022.0) -> 2022 | J14: =IFERROR(__xludf.DUMMYFUNCTION("""COMPUTED_VALUE"""),165709.0) -> 165709 | K14: =IFERROR(__xludf.DUMMYFUNCTION("""COMPUTED_VALUE"""),255.0) -> 255 | L14: =IFERROR(__xludf.DUMMYFUNCTION("""COMPUTED_VALUE"""),358481.0) -> 358481 | M14: =IFERROR(__xludf.DUMMYFUNCTION("""COMPUTED_VALUE"""),92356.0) -> 92356 | N14: =IFERROR(__xludf.DUMMYFUNCTION("""COMPUTED_VALUE"""),2911.0) -> 2911 | O14: =IFERROR(__xludf.DUMMYFUNCTION("""COMPUTED_VALUE"""),138697.0) -> 138697 | Q14: =IFERROR(__xludf.DUMMYFUNCTION("""COMPUTED_VALUE"""),224084.0) -> 224084 | R14: =IFERROR(__xludf.DUMMYFUNCTION("""COMPUTED_VALUE"""),63539.0) -> 63539 | S14: =IFERROR(__xludf.DUMMYFUNCTION("""COMPUTED_VALUE"""),267819.0) -> 267819 | T14: 1313851
B15: =IFERROR(__xludf.DUMMYFUNCTION("""COMPUTED_VALUE"""),2023.0) -> 2023 | C15: =IFERROR(__xludf.DUMMYFUNCTION("""COMPUTED_VALUE"""),743549.0) -> 743549 | D15: =IFERROR(__xludf.DUMMYFUNCTION("""COMPUTED_VALUE"""),365171.0) -> 365171 | E15: =IFERROR(__xludf.DUMMYFUNCTION("""COMPUTED_VALUE"""),699861.0) -> 699861 | F15: 1808581 | H15: =IFERROR(__xludf.DUMMYFUNCTION("""COMPUTED_VALUE"""),2023.0) -> 2023 | J15: =IFERROR(__xludf.DUMMYFUNCTION("""COMPUTED_VALUE"""),181707.0) -> 181707 | K15: =IFERROR(__xludf.DUMMYFUNCTION("""COMPUTED_VALUE"""),12219.0) -> 12219 | L15: =IFERROR(__xludf.DUMMYFUNCTION("""COMPUTED_VALUE"""),549623.0) -> 549623 | M15: =IFERROR(__xludf.DUMMYFUNCTION("""COMPUTED_VALUE"""),100932.0) -> 100932 | N15: =IFERROR(__xludf.DUMMYFUNCTION("""COMPUTED_VALUE"""),9054.0) -> 9054 | O15: =IFERROR(__xludf.DUMMYFUNCTION("""COMPUTED_VALUE"""),255185.0) -> 255185 | P15: =IFERROR(__xludf.DUMMYFUNCTION("""COMPUTED_VALUE"""),124.0) -> 124 | Q15: =IFERROR(__xludf.DUMMYFUNCTION("""COMPUTED_VALUE"""),237725.0) -> 237725 | R15: =IFERROR(__xludf.DUMMYFUNCTION("""COMPUTED_VALUE"""),47477.0) -> 47477 | S15: =IFERROR(__xludf.DUMMYFUNCTION("""COMPUTED_VALUE"""),414535.0) -> 414535 | T15: 1808581
B16: =IFERROR(__xludf.DUMMYFUNCTION("""COMPUTED_VALUE"""),2024.0) -> 2024 | C16: =IFERROR(__xludf.DUMMYFUNCTION("""COMPUTED_VALUE"""),797667.0) -> 797667 | D16: =IFERROR(__xludf.DUMMYFUNCTION("""COMPUTED_VALUE"""),325989.0) -> 325989 | E16: =IFERROR(__xludf.DUMMYFUNCTION("""COMPUTED_VALUE"""),665570.0) -> 665570 | F16: 1789226 | H16: =IFERROR(__xludf.DUMMYFUNCTION("""COMPUTED_VALUE"""),2024.0) -> 2024 | J16: =IFERROR(__xludf.DUMMYFUNCTION("""COMPUTED_VALUE"""),233293.0) -> 233293 | K16: =IFERROR(__xludf.DUMMYFUNCTION("""COMPUTED_VALUE"""),4607.0) -> 4607 | L16: =IFERROR(__xludf.DUMMYFUNCTION("""COMPUTED_VALUE"""),559767.0) -> 559767 | M16: =IFERROR(__xludf.DUMMYFUNCTION("""COMPUTED_VALUE"""),105238.0) -> 105238 | N16: =IFERROR(__xludf.DUMMYFUNCTION("""COMPUTED_VALUE"""),3371.0) -> 3371 | O16: =IFERROR(__xludf.DUMMYFUNCTION("""COMPUTED_VALUE"""),217380.0) -> 217380 | P16: =IFERROR(__xludf.DUMMYFUNCTION("""COMPUTED_VALUE"""),40740.0) -> 40740 | Q16: =IFERROR(__xludf.DUMMYFUNCTION("""COMPUTED_VALUE"""),186215.0) -> 186215 | R16: =IFERROR(__xludf.DUMMYFUNCTION("""COMPUTED_VALUE"""),36415.0) -> 36415 | S16: =IFERROR(__xludf.DUMMYFUNCTION("""COMPUTED_VALUE"""),402200.0) -> 402200 | T16: 1789226
B17: =IFERROR(__xludf.DUMMYFUNCTION("""COMPUTED_VALUE"""),2025.0) -> 2025 | C17: =IFERROR(__xludf.DUMMYFUNCTION("""COMPUTED_VALUE"""),811790.0) -> 811790 | D17: =IFERROR(__xludf.DUMMYFUNCTION("""COMPUTED_VALUE"""),238282.0) -> 238282 | E17: =IFERROR(__xludf.DUMMYFUNCTION("""COMPUTED_VALUE"""),586057.0) -> 586057 | F17: 1636129 | H17: =IFERROR(__xludf.DUMMYFUNCTION("""COMPUTED_VALUE"""),2025.0) -> 2025 | I17: =IFERROR(__xludf.DUMMYFUNCTION("""COMPUTED_VALUE"""),356.0) -> 356 | J17: =IFERROR(__xludf.DUMMYFUNCTION("""COMPUTED_VALUE"""),237432.0) -> 237432 | K17: =IFERROR(__xludf.DUMMYFUNCTION("""COMPUTED_VALUE"""),1766.0) -> 1766 | L17: =IFERROR(__xludf.DUMMYFUNCTION("""COMPUTED_VALUE"""),572236.0) -> 572236 | M17: =IFERROR(__xludf.DUMMYFUNCTION("""COMPUTED_VALUE"""),83675.0) -> 83675 | N17: =IFERROR(__xludf.DUMMYFUNCTION("""COMPUTED_VALUE"""),1070.0) -> 1070 | O17: =IFERROR(__xludf.DUMMYFUNCTION("""COMPUTED_VALUE"""),153537.0) -> 153537 | P17: =IFERROR(__xludf.DUMMYFUNCTION("""COMPUTED_VALUE"""),20465.0) -> 20465 | Q17: =IFERROR(__xludf.DUMMYFUNCTION("""COMPUTED_VALUE"""),168261.0) -> 168261 | R17: =IFERROR(__xludf.DUMMYFUNCTION("""COMPUTED_VALUE"""),27193.0) -> 27193 | S17: =IFERROR(__xludf.DUMMYFUNCTION("""COMPUTED_VALUE"""),370138.0) -> 370138 | T17: 1636129
B18: =IFERROR(__xludf.DUMMYFUNCTION("""COMPUTED_VALUE"""),"Total") -> Total | C18: =IFERROR(__xludf.DUMMYFUNCTION("""COMPUTED_VALUE"""),3549278.0) -> 3549278 | D18: =IFERROR(__xludf.DUMMYFUNCTION("""COMPUTED_VALUE"""),1646943.0) -> 1646943 | E18: =IFERROR(__xludf.DUMMYFUNCTION("""COMPUTED_VALUE"""),3687503.0) -> 3687503 | F18: 8883724 | H18: =IFERROR(__xludf.DUMMYFUNCTION("""COMPUTED_VALUE"""),"Total") -> Total | I18: =IFERROR(__xludf.DUMMYFUNCTION("""COMPUTED_VALUE"""),356.0) -> 356 | J18: =IFERROR(__xludf.DUMMYFUNCTION("""COMPUTED_VALUE"""),1218426.0) -> 1218426 | K18: =IFERROR(__xludf.DUMMYFUNCTION("""COMPUTED_VALUE"""),108663.0) -> 108663 | L18: =IFERROR(__xludf.DUMMYFUNCTION("""COMPUTED_VALUE"""),2221833.0) -> 2221833 | M18: =IFERROR(__xludf.DUMMYFUNCTION("""COMPUTED_VALUE"""),709725.0) -> 709725 | N18: =IFERROR(__xludf.DUMMYFUNCTION("""COMPUTED_VALUE"""),147042.0) -> 147042 | O18: =IFERROR(__xludf.DUMMYFUNCTION("""COMPUTED_VALUE"""),790176.0) -> 790176 | P18: =IFERROR(__xludf.DUMMYFUNCTION("""COMPUTED_VALUE"""),61329.0) -> 61329 | Q18: =IFERROR(__xludf.DUMMYFUNCTION("""COMPUTED_VALUE"""),1403614.0) -> 1403614 | R18: =IFERROR(__xludf.DUMMYFUNCTION("""COMPUTED_VALUE"""),487601.0) -> 487601 | S18: =IFERROR(__xludf.DUMMYFUNCTION("""COMPUTED_VALUE"""),1734959.0) -> 1734959 | T18: 8883724
I22: =IFERROR(__xludf.DUMMYFUNCTION("transpose(split(I24,"",""))"),"APAC") -> APAC | J22: =IFERROR(__xludf.DUMMYFUNCTION("transpose(split(J24,"",""))"),"APAC") -> APAC | K22: =IFERROR(__xludf.DUMMYFUNCTION("transpose(split(K24,"",""))"),"APAC") -> APAC | L22: =IFERROR(__xludf.DUMMYFUNCTION("transpose(split(L24,"",""))"),"APAC") -> APAC | M22: =IFERROR(__xludf.DUMMYFUNCTION("transpose(split(M24,"",""))"),"Europe") -> Europe | N22: =IFERROR(__xludf.DUMMYFUNCTION("transpose(split(N24,"",""))"),"Europe") -> Europe | O22: =IFERROR(__xludf.DUMMYFUNCTION("transpose(split(O24,"",""))"),"Europe") -> Europe | P22: =IFERROR(__xludf.DUMMYFUNCTION("transpose(split(P24,"",""))"),"North America") -> North America | Q22: =IFERROR(__xludf.DUMMYFUNCTION("transpose(split(Q24,"",""))"),"North America") -> North America | R22: =IFERROR(__xludf.DUMMYFUNCTION("transpose(split(R24,"",""))"),"North America") -> North America | S22: =IFERROR(__xludf.DUMMYFUNCTION("transpose(split(S24,"",""))"),"North America") -> North America | T22: Total
B23: Deliveries | C23: =C24 -> APAC | D23: =D24 -> Europe | E23: =E24 -> North America | F23: {={"All models";"";if($B25:$B79="",,mmult(n($C$25:$E$79),transpose(sign(column($C$25:$E$79)))))}} -> All models | H23: Deliveries | I23: =IFERROR(__xludf.DUMMYFUNCTION("""COMPUTED_VALUE"""),"Cybertruck") -> Cybertruck | J23: =IFERROR(__xludf.DUMMYFUNCTION("""COMPUTED_VALUE"""),"Model 3") -> Model 3 | K23: =IFERROR(__xludf.DUMMYFUNCTION("""COMPUTED_VALUE"""),"Model S/X") -> Model S/X | L23: =IFERROR(__xludf.DUMMYFUNCTION("""COMPUTED_VALUE"""),"Model Y") -> Model Y | M23: =IFERROR(__xludf.DUMMYFUNCTION("""COMPUTED_VALUE"""),"Model 3") -> Model 3 | N23: =IFERROR(__xludf.DUMMYFUNCTION("""COMPUTED_VALUE"""),"Model S/X") -> Model S/X | O23: =IFERROR(__xludf.DUMMYFUNCTION("""COMPUTED_VALUE"""),"Model Y") -> Model Y | P23: =IFERROR(__xludf.DUMMYFUNCTION("""COMPUTED_VALUE"""),"Cybertruck") -> Cybertruck | Q23: =IFERROR(__xludf.DUMMYFUNCTION("""COMPUTED_VALUE"""),"Model 3") -> Model 3 | R23: =IFERROR(__xludf.DUMMYFUNCTION("""COMPUTED_VALUE"""),"Model S/X") -> Model S/X | S23: =IFERROR(__xludf.DUMMYFUNCTION("""COMPUTED_VALUE"""),"Model Y") -> Model Y | T23: {={"All models";"";if($H25:$H79="",,mmult(n($I$25:$S$79),transpose(sign(column($I$25:$S$79)))))}} -> All models
B24: =IFERROR(__xludf.DUMMYFUNCTION("{query({Delivery_Data!$A:$I},""select Col3,sum(Col8) where Col3 is not null and Col8 is not null group by Col3 pivot Col7"",1);index(query({Delivery_Data!$A:$I},""select 'Total',sum(Col8) where Col3 is not null and Col8 is not null pivot Col7"",1),2,0)}"),"Quarter") -> Quarter | C24: =IFERROR(__xludf.DUMMYFUNCTION("""COMPUTED_VALUE"""),"APAC") -> APAC | D24: =IFERROR(__xludf.DUMMYFUNCTION("""COMPUTED_VALUE"""),"Europe") -> Europe | E24: =IFERROR(__xludf.DUMMYFUNCTION("""COMPUTED_VALUE"""),"North America") -> North America | H24: =IFERROR(__xludf.DUMMYFUNCTION("{query({Delivery_Data!$A:$I},""select Col3,sum(Col8) where Col3 is not null and Col8 is not null group by Col3 pivot Col7,Col4"",1);index(query({Delivery_Data!$A:$I},""select 'Total',sum(Col8) where Col3 is not null and Col8 is not null pivot Col7,Col4"","&"1),2,0)}"),"Quarter") -> Quarter | I24: =IFERROR(__xludf.DUMMYFUNCTION("""COMPUTED_VALUE"""),"APAC,Cybertruck") -> APAC,Cybertruck | J24: =IFERROR(__xludf.DUMMYFUNCTION("""COMPUTED_VALUE"""),"APAC,Model 3") -> APAC,Model 3 | K24: =IFERROR(__xludf.DUMMYFUNCTION("""COMPUTED_VALUE"""),"APAC,Model S/X") -> APAC,Model S/X | L24: =IFERROR(__xludf.DUMMYFUNCTION("""COMPUTED_VALUE"""),"APAC,Model Y") -> APAC,Model Y | M24: =IFERROR(__xludf.DUMMYFUNCTION("""COMPUTED_VALUE"""),"Europe,Model 3") -> Europe,Model 3 | N24: =IFERROR(__xludf.DUMMYFUNCTION("""COMPUTED_VALUE"""),"Europe,Model S/X") -> Europe,Model S/X | O24: =IFERROR(__xludf.DUMMYFUNCTION("""COMPUTED_VALUE"""),"Europe,Model Y") -> Europe,Model Y | P24: =IFERROR(__xludf.DUMMYFUNCTION("""COMPUTED_VALUE"""),"North America,Cybertruck") -> North America,Cybertruck | Q24: =IFERROR(__xludf.DUMMYFUNCTION("""COMPUTED_VALUE"""),"North America,Model 3") -> North America,Model 3 | R24: =IFERROR(__xludf.DUMMYFUNCTION("""COMPUTED_VALUE"""),"North America,Model S/X") -> North America,Model S/X | S24: =IFERROR(__xludf.DUMMYFUNCTION("""COMPUTED_VALUE"""),"North America,Model Y") -> North America,Model Y
B25: =IFERROR(__xludf.DUMMYFUNCTION("""COMPUTED_VALUE"""),"2012 Q3") -> 2012 Q3 | E25: =IFERROR(__xludf.DUMMYFUNCTION("""COMPUTED_VALUE"""),253.0) -> 253 | F25: 253 | H25: =IFERROR(__xludf.DUMMYFUNCTION("""COMPUTED_VALUE"""),"2012 Q3") -> 2012 Q3 | R25: =IFERROR(__xludf.DUMMYFUNCTION("""COMPUTED_VALUE"""),253.0) -> 253 | T25: 253
B26: =IFERROR(__xludf.DUMMYFUNCTION("""COMPUTED_VALUE"""),"2012 Q4") -> 2012 Q4 | E26: =IFERROR(__xludf.DUMMYFUNCTION("""COMPUTED_VALUE"""),2397.0) -> 2397 | F26: 2397 | H26: =IFERROR(__xludf.DUMMYFUNCTION("""COMPUTED_VALUE"""),"2012 Q4") -> 2012 Q4 | R26: =IFERROR(__xludf.DUMMYFUNCTION("""COMPUTED_VALUE"""),2397.0) -> 2397 | T26: 2397
B27: =IFERROR(__xludf.DUMMYFUNCTION("""COMPUTED_VALUE"""),"2013 Q1") -> 2013 Q1 | E27: =IFERROR(__xludf.DUMMYFUNCTION("""COMPUTED_VALUE"""),4911.0) -> 4911 | F27: 4911 | H27: =IFERROR(__xludf.DUMMYFUNCTION("""COMPUTED_VALUE"""),"2013 Q1") -> 2013 Q1 | R27: =IFERROR(__xludf.DUMMYFUNCTION("""COMPUTED_VALUE"""),4911.0) -> 4911 | T27: 4911
B28: =IFERROR(__xludf.DUMMYFUNCTION("""COMPUTED_VALUE"""),"2013 Q2") -> 2013 Q2 | E28: =IFERROR(__xludf.DUMMYFUNCTION("""COMPUTED_VALUE"""),5162.0) -> 5162 | F28: 5162 | H28: =IFERROR(__xludf.DUMMYFUNCTION("""COMPUTED_VALUE"""),"2013 Q2") -> 2013 Q2 | R28: =IFERROR(__xludf.DUMMYFUNCTION("""COMPUTED_VALUE"""),5162.0) -> 5162 | T28: 5162
B29: =IFERROR(__xludf.DUMMYFUNCTION("""COMPUTED_VALUE"""),"2013 Q3") -> 2013 Q3 | D29: =IFERROR(__xludf.DUMMYFUNCTION("""COMPUTED_VALUE"""),1224.0) -> 1224 | E29: =IFERROR(__xludf.DUMMYFUNCTION("""COMPUTED_VALUE"""),4288.0) -> 4288 | F29: 5512 | H29: =IFERROR(__xludf.DUMMYFUNCTION("""COMPUTED_VALUE"""),"2013 Q3") -> 2013 Q3 | N29: =IFERROR(__xludf.DUMMYFUNCTION("""COMPUTED_VALUE"""),1224.0) -> 1224 | R29: =IFERROR(__xludf.DUMMYFUNCTION("""COMPUTED_VALUE"""),4288.0) -> 4288 | T29: 5512
B30: =IFERROR(__xludf.DUMMYFUNCTION("""COMPUTED_VALUE"""),"2013 Q4") -> 2013 Q4 | D30: =IFERROR(__xludf.DUMMYFUNCTION("""COMPUTED_VALUE"""),2669.0) -> 2669 | E30: =IFERROR(__xludf.DUMMYFUNCTION("""COMPUTED_VALUE"""),4223.0) -> 4223 | F30: 6892 | H30: =IFERROR(__xludf.DUMMYFUNCTION("""COMPUTED_VALUE"""),"2013 Q4") -> 2013 Q4 | N30: =IFERROR(__xludf.DUMMYFUNCTION("""COMPUTED_VALUE"""),2669.0) -> 2669 | R30: =IFERROR(__xludf.DUMMYFUNCTION("""COMPUTED_VALUE"""),4223.0) -> 4223 | T30: 6892
B31: =IFERROR(__xludf.DUMMYFUNCTION("""COMPUTED_VALUE"""),"2014 Q1") -> 2014 Q1 | C31: =IFERROR(__xludf.DUMMYFUNCTION("""COMPUTED_VALUE"""),3.0) -> 3 | D31: =IFERROR(__xludf.DUMMYFUNCTION("""COMPUTED_VALUE"""),3073.0) -> 3073 | E31: =IFERROR(__xludf.DUMMYFUNCTION("""COMPUTED_VALUE"""),3381.0) -> 3381 | F31: 6457 | H31: =IFERROR(__xludf.DUMMYFUNCTION("""COMPUTED_VALUE"""),"2014 Q1") -> 2014 Q1 | K31: =IFERROR(__xludf.DUMMYFUNCTION("""COMPUTED_VALUE"""),3.0) -> 3 | N31: =IFERROR(__xludf.DUMMYFUNCTION("""COMPUTED_VALUE"""),3073.0) -> 3073 | R31: =IFERROR(__xludf.DUMMYFUNCTION("""COMPUTED_VALUE"""),3381.0) -> 3381 | T31: 6457
B32: =IFERROR(__xludf.DUMMYFUNCTION("""COMPUTED_VALUE"""),"2014 Q2") -> 2014 Q2 | C32: =IFERROR(__xludf.DUMMYFUNCTION("""COMPUTED_VALUE"""),1543.0) -> 1543 | D32: =IFERROR(__xludf.DUMMYFUNCTION("""COMPUTED_VALUE"""),2519.0) -> 2519 | E32: =IFERROR(__xludf.DUMMYFUNCTION("""COMPUTED_VALUE"""),3517.0) -> 3517 | F32: 7579 | H32: =IFERROR(__xludf.DUMMYFUNCTION("""COMPUTED_VALUE"""),"2014 Q2") -> 2014 Q2 | K32: =IFERROR(__xludf.DUMMYFUNCTION("""COMPUTED_VALUE"""),1543.0) -> 1543 | N32: =IFERROR(__xludf.DUMMYFUNCTION("""COMPUTED_VALUE"""),2519.0) -> 2519 | R32: =IFERROR(__xludf.DUMMYFUNCTION("""COMPUTED_VALUE"""),3517.0) -> 3517 | T32: 7579
B33: =IFERROR(__xludf.DUMMYFUNCTION("""COMPUTED_VALUE"""),"2014 Q3") -> 2014 Q3 | C33: =IFERROR(__xludf.DUMMYFUNCTION("""COMPUTED_VALUE"""),1188.0) -> 1188 | D33: =IFERROR(__xludf.DUMMYFUNCTION("""COMPUTED_VALUE"""),1653.0) -> 1653 | E33: =IFERROR(__xludf.DUMMYFUNCTION("""COMPUTED_VALUE"""),4944.0) -> 4944 | F33: 7785 | H33: =IFERROR(__xludf.DUMMYFUNCTION("""COMPUTED_VALUE"""),"2014 Q3") -> 2014 Q3 | K33: =IFERROR(__xludf.DUMMYFUNCTION("""COMPUTED_VALUE"""),1188.0) -> 1188 | N33: =IFERROR(__xludf.DUMMYFUNCTION("""COMPUTED_VALUE"""),1653.0) -> 1653 | R33: =IFERROR(__xludf.DUMMYFUNCTION("""COMPUTED_VALUE"""),4944.0) -> 4944 | T33: 7785
B34: =IFERROR(__xludf.DUMMYFUNCTION("""COMPUTED_VALUE"""),"2014 Q4") -> 2014 Q4 | C34: =IFERROR(__xludf.DUMMYFUNCTION("""COMPUTED_VALUE"""),1927.0) -> 1927 | D34: =IFERROR(__xludf.DUMMYFUNCTION("""COMPUTED_VALUE"""),2276.0) -> 2276 | E34: =IFERROR(__xludf.DUMMYFUNCTION("""COMPUTED_VALUE"""),5631.0) -> 5631 | F34: 9834 | H34: =IFERROR(__xludf.DUMMYFUNCTION("""COMPUTED_VALUE"""),"2014 Q4") -> 2014 Q4 | K34: =IFERROR(__xludf.DUMMYFUNCTION("""COMPUTED_VALUE"""),1927.0) -> 1927 | N34: =IFERROR(__xludf.DUMMYFUNCTION("""COMPUTED_VALUE"""),2276.0) -> 2276 | R34: =IFERROR(__xludf.DUMMYFUNCTION("""COMPUTED_VALUE"""),5631.0) -> 5631 | T34: 9834
B35: =IFERROR(__xludf.DUMMYFUNCTION("""COMPUTED_VALUE"""),"2015 Q1") -> 2015 Q1 | C35: =IFERROR(__xludf.DUMMYFUNCTION("""COMPUTED_VALUE"""),1665.0) -> 1665 | D35: =IFERROR(__xludf.DUMMYFUNCTION("""COMPUTED_VALUE"""),3465.0) -> 3465 | E35: =IFERROR(__xludf.DUMMYFUNCTION("""COMPUTED_VALUE"""),4915.0) -> 4915 | F35: 10045 | H35: =IFERROR(__xludf.DUMMYFUNCTION("""COMPUTED_VALUE"""),"2015 Q1") -> 2015 Q1 | K35: =IFERROR(__xludf.DUMMYFUNCTION("""COMPUTED_VALUE"""),1665.0) -> 1665 | N35: =IFERROR(__xludf.DUMMYFUNCTION("""COMPUTED_VALUE"""),3465.0) -> 3465 | R35: =IFERROR(__xludf.DUMMYFUNCTION("""COMPUTED_VALUE"""),4915.0) -> 4915 | T35: 10045
B36: =IFERROR(__xludf.DUMMYFUNCTION("""COMPUTED_VALUE"""),"2015 Q2") -> 2015 Q2 | C36: =IFERROR(__xludf.DUMMYFUNCTION("""COMPUTED_VALUE"""),1236.0) -> 1236 | D36: =IFERROR(__xludf.DUMMYFUNCTION("""COMPUTED_VALUE"""),3891.0) -> 3891 | E36: =IFERROR(__xludf.DUMMYFUNCTION("""COMPUTED_VALUE"""),6405.0) -> 6405 | F36: 11532 | H36: =IFERROR(__xludf.DUMMYFUNCTION("""COMPUTED_VALUE"""),"2015 Q2") -> 2015 Q2 | K36: =IFERROR(__xludf.DUMMYFUNCTION("""COMPUTED_VALUE"""),1236.0) -> 1236 | N36: =IFERROR(__xludf.DUMMYFUNCTION("""COMPUTED_VALUE"""),3891.0) -> 3891 | R36: =IFERROR(__xludf.DUMMYFUNCTION("""COMPUTED_VALUE"""),6405.0) -> 6405 | T36: 11532
B37: =IFERROR(__xludf.DUMMYFUNCTION("""COMPUTED_VALUE"""),"2015 Q3") -> 2015 Q3 | C37: =IFERROR(__xludf.DUMMYFUNCTION("""COMPUTED_VALUE"""),1635.0) -> 1635 | D37: =IFERROR(__xludf.DUMMYFUNCTION("""COMPUTED_VALUE"""),3520.0) -> 3520 | E37: =IFERROR(__xludf.DUMMYFUNCTION("""COMPUTED_VALUE"""),6448.0) -> 6448 | F37: 11603 | H37: =IFERROR(__xludf.DUMMYFUNCTION("""COMPUTED_VALUE"""),"2015 Q3") -> 2015 Q3 | K37: =IFERROR(__xludf.DUMMYFUNCTION("""COMPUTED_VALUE"""),1635.0) -> 1635 | N37: =IFERROR(__xludf.DUMMYFUNCTION("""COMPUTED_VALUE"""),3520.0) -> 3520 | R37: =IFERROR(__xludf.DUMMYFUNCTION("""COMPUTED_VALUE"""),6448.0) -> 6448 | T37: 11603
B38: =IFERROR(__xludf.DUMMYFUNCTION("""COMPUTED_VALUE"""),"2015 Q4") -> 2015 Q4 | C38: =IFERROR(__xludf.DUMMYFUNCTION("""COMPUTED_VALUE"""),2619.0) -> 2619 | D38: =IFERROR(__xludf.DUMMYFUNCTION("""COMPUTED_VALUE"""),5825.0) -> 5825 | E38: =IFERROR(__xludf.DUMMYFUNCTION("""COMPUTED_VALUE"""),9034.0) -> 9034 | F38: 17478 | H38: =IFERROR(__xludf.DUMMYFUNCTION("""COMPUTED_VALUE"""),"2015 Q4") -> 2015 Q4 | K38: =IFERROR(__xludf.DUMMYFUNCTION("""COMPUTED_VALUE"""),2619.0) -> 2619 | N38: =IFERROR(__xludf.DUMMYFUNCTION("""COMPUTED_VALUE"""),5825.0) -> 5825 | R38: =IFERROR(__xludf.DUMMYFUNCTION("""COMPUTED_VALUE"""),9034.0) -> 9034 | T38: 17478
B39: =IFERROR(__xludf.DUMMYFUNCTION("""COMPUTED_VALUE"""),"2016 Q1") -> 2016 Q1 | C39: =IFERROR(__xludf.DUMMYFUNCTION("""COMPUTED_VALUE"""),2511.0) -> 2511 | D39: =IFERROR(__xludf.DUMMYFUNCTION("""COMPUTED_VALUE"""),3849.0) -> 3849 | E39: =IFERROR(__xludf.DUMMYFUNCTION("""COMPUTED_VALUE"""),8450.0) -> 8450 | F39: 14810 | H39: =IFERROR(__xludf.DUMMYFUNCTION("""COMPUTED_VALUE"""),"2016 Q1") -> 2016 Q1 | K39: =IFERROR(__xludf.DUMMYFUNCTION("""COMPUTED_VALUE"""),2511.0) -> 2511 | N39: =IFERROR(__xludf.DUMMYFUNCTION("""COMPUTED_VALUE"""),3849.0) -> 3849 | R39: =IFERROR(__xludf.DUMMYFUNCTION("""COMPUTED_VALUE"""),8450.0) -> 8450 | T39: 14810
B40: =IFERROR(__xludf.DUMMYFUNCTION("""COMPUTED_VALUE"""),"2016 Q2") -> 2016 Q2 | C40: =IFERROR(__xludf.DUMMYFUNCTION("""COMPUTED_VALUE"""),1346.0) -> 1346 | D40: =IFERROR(__xludf.DUMMYFUNCTION("""COMPUTED_VALUE"""),2980.0) -> 2980 | E40: =IFERROR(__xludf.DUMMYFUNCTION("""COMPUTED_VALUE"""),10076.0) -> 10076 | F40: 14402 | H40: =IFERROR(__xludf.DUMMYFUNCTION("""COMPUTED_VALUE"""),"2016 Q2") -> 2016 Q2 | K40: =IFERROR(__xludf.DUMMYFUNCTION("""COMPUTED_VALUE"""),1346.0) -> 1346 | N40: =IFERROR(__xludf.DUMMYFUNCTION("""COMPUTED_VALUE"""),2980.0) -> 2980 | R40: =IFERROR(__xludf.DUMMYFUNCTION("""COMPUTED_VALUE"""),10076.0) -> 10076 | T40: 14402
B41: =IFERROR(__xludf.DUMMYFUNCTION("""COMPUTED_VALUE"""),"2016 Q3") -> 2016 Q3 | C41: =IFERROR(__xludf.DUMMYFUNCTION("""COMPUTED_VALUE"""),4589.0) -> 4589 | D41: =IFERROR(__xludf.DUMMYFUNCTION("""COMPUTED_VALUE"""),5001.0) -> 5001 | E41: =IFERROR(__xludf.DUMMYFUNCTION("""COMPUTED_VALUE"""),15231.0) -> 15231 | F41: 24821 | H41: =IFERROR(__xludf.DUMMYFUNCTION("""COMPUTED_VALUE"""),"2016 Q3") -> 2016 Q3 | K41: =IFERROR(__xludf.DUMMYFUNCTION("""COMPUTED_VALUE"""),4589.0) -> 4589 | N41: =IFERROR(__xludf.DUMMYFUNCTION("""COMPUTED_VALUE"""),5001.0) -> 5001 | R41: =IFERROR(__xludf.DUMMYFUNCTION("""COMPUTED_VALUE"""),15231.0) -> 15231 | T41: 24821
B42: =IFERROR(__xludf.DUMMYFUNCTION("""COMPUTED_VALUE"""),"2016 Q4") -> 2016 Q4 | C42: =IFERROR(__xludf.DUMMYFUNCTION("""COMPUTED_VALUE"""),3591.0) -> 3591 | D42: =IFERROR(__xludf.DUMMYFUNCTION("""COMPUTED_VALUE"""),4400.0) -> 4400 | E42: =IFERROR(__xludf.DUMMYFUNCTION("""COMPUTED_VALUE"""),14261.0) -> 14261 | F42: 22252 | H42: =IFERROR(__xludf.DUMMYFUNCTION("""COMPUTED_VALUE"""),"2016 Q4") -> 2016 Q4 | K42: =IFERROR(__xludf.DUMMYFUNCTION("""COMPUTED_VALUE"""),3591.0) -> 3591 | N42: =IFERROR(__xludf.DUMMYFUNCTION("""COMPUTED_VALUE"""),4400.0) -> 4400 | R42: =IFERROR(__xludf.DUMMYFUNCTION("""COMPUTED_VALUE"""),14261.0) -> 14261 | T42: 22252
B43: =IFERROR(__xludf.DUMMYFUNCTION("""COMPUTED_VALUE"""),"2017 Q1") -> 2017 Q1 | C43: =IFERROR(__xludf.DUMMYFUNCTION("""COMPUTED_VALUE"""),6693.0) -> 6693 | D43: =IFERROR(__xludf.DUMMYFUNCTION("""COMPUTED_VALUE"""),6689.0) -> 6689 | E43: =IFERROR(__xludf.DUMMYFUNCTION("""COMPUTED_VALUE"""),11669.0) -> 11669 | F43: 25051 | H43: =IFERROR(__xludf.DUMMYFUNCTION("""COMPUTED_VALUE"""),"2017 Q1") -> 2017 Q1 | K43: =IFERROR(__xludf.DUMMYFUNCTION("""COMPUTED_VALUE"""),6693.0) -> 6693 | N43: =IFERROR(__xludf.DUMMYFUNCTION("""COMPUTED_VALUE"""),6689.0) -> 6689 | R43: =IFERROR(__xludf.DUMMYFUNCTION("""COMPUTED_VALUE"""),11669.0) -> 11669 | T43: 25051
B44: =IFERROR(__xludf.DUMMYFUNCTION("""COMPUTED_VALUE"""),"2017 Q2") -> 2017 Q2 | C44: =IFERROR(__xludf.DUMMYFUNCTION("""COMPUTED_VALUE"""),4832.0) -> 4832 | D44: =IFERROR(__xludf.DUMMYFUNCTION("""COMPUTED_VALUE"""),5541.0) -> 5541 | E44: =IFERROR(__xludf.DUMMYFUNCTION("""COMPUTED_VALUE"""),11653.0) -> 11653 | F44: 22026 | H44: =IFERROR(__xludf.DUMMYFUNCTION("""COMPUTED_VALUE"""),"2017 Q2") -> 2017 Q2 | K44: =IFERROR(__xludf.DUMMYFUNCTION("""COMPUTED_VALUE"""),4832.0) -> 4832 | N44: =IFERROR(__xludf.DUMMYFUNCTION("""COMPUTED_VALUE"""),5541.0) -> 5541 | R44: =IFERROR(__xludf.DUMMYFUNCTION("""COMPUTED_VALUE"""),11653.0) -> 11653 | T44: 22026
B45: =IFERROR(__xludf.DUMMYFUNCTION("""COMPUTED_VALUE"""),"2017 Q3") -> 2017 Q3 | C45: =IFERROR(__xludf.DUMMYFUNCTION("""COMPUTED_VALUE"""),5885.0) -> 5885 | D45: =IFERROR(__xludf.DUMMYFUNCTION("""COMPUTED_VALUE"""),7105.0) -> 7105 | E45: =IFERROR(__xludf.DUMMYFUNCTION("""COMPUTED_VALUE"""),13147.0) -> 13147 | F45: 26137 | H45: =IFERROR(__xludf.DUMMYFUNCTION("""COMPUTED_VALUE"""),"2017 Q3") -> 2017 Q3 | K45: =IFERROR(__xludf.DUMMYFUNCTION("""COMPUTED_VALUE"""),5885.0) -> 5885 | N45: =IFERROR(__xludf.DUMMYFUNCTION("""COMPUTED_VALUE"""),7105.0) -> 7105 | Q45: =IFERROR(__xludf.DUMMYFUNCTION("""COMPUTED_VALUE"""),222.0) -> 222 | R45: =IFERROR(__xludf.DUMMYFUNCTION("""COMPUTED_VALUE"""),12925.0) -> 12925 | T45: 26137
B46: =IFERROR(__xludf.DUMMYFUNCTION("""COMPUTED_VALUE"""),"2017 Q4") -> 2017 Q4 | C46: =IFERROR(__xludf.DUMMYFUNCTION("""COMPUTED_VALUE"""),4742.0) -> 4742 | D46: =IFERROR(__xludf.DUMMYFUNCTION("""COMPUTED_VALUE"""),8944.0) -> 8944 | E46: =IFERROR(__xludf.DUMMYFUNCTION("""COMPUTED_VALUE"""),16281.0) -> 16281 | F46: 29967 | H46: =IFERROR(__xludf.DUMMYFUNCTION("""COMPUTED_VALUE"""),"2017 Q4") -> 2017 Q4 | K46: =IFERROR(__xludf.DUMMYFUNCTION("""COMPUTED_VALUE"""),4742.0) -> 4742 | N46: =IFERROR(__xludf.DUMMYFUNCTION("""COMPUTED_VALUE"""),8944.0) -> 8944 | Q46: =IFERROR(__xludf.DUMMYFUNCTION("""COMPUTED_VALUE"""),1542.0) -> 1542 | R46: =IFERROR(__xludf.DUMMYFUNCTION("""COMPUTED_VALUE"""),14739.0) -> 14739 | T46: 29967
B47: =IFERROR(__xludf.DUMMYFUNCTION("""COMPUTED_VALUE"""),"2018 Q1") -> 2018 Q1 | C47: =IFERROR(__xludf.DUMMYFUNCTION("""COMPUTED_VALUE"""),4979.0) -> 4979 | D47: =IFERROR(__xludf.DUMMYFUNCTION("""COMPUTED_VALUE"""),6124.0) -> 6124 | E47: =IFERROR(__xludf.DUMMYFUNCTION("""COMPUTED_VALUE"""),18894.0) -> 18894 | F47: 29997 | H47: =IFERROR(__xludf.DUMMYFUNCTION("""COMPUTED_VALUE"""),"2018 Q1") -> 2018 Q1 | K47: =IFERROR(__xludf.DUMMYFUNCTION("""COMPUTED_VALUE"""),4979.0) -> 4979 | N47: =IFERROR(__xludf.DUMMYFUNCTION("""COMPUTED_VALUE"""),6124.0) -> 6124 | Q47: =IFERROR(__xludf.DUMMYFUNCTION("""COMPUTED_VALUE"""),8182.0) -> 8182 | R47: =IFERROR(__xludf.DUMMYFUNCTION("""COMPUTED_VALUE"""),10712.0) -> 10712 | T47: 29997
B48: =IFERROR(__xludf.DUMMYFUNCTION("""COMPUTED_VALUE"""),"2018 Q2") -> 2018 Q2 | C48: =IFERROR(__xludf.DUMMYFUNCTION("""COMPUTED_VALUE"""),6051.0) -> 6051 | D48: =IFERROR(__xludf.DUMMYFUNCTION("""COMPUTED_VALUE"""),7197.0) -> 7197 | E48: =IFERROR(__xludf.DUMMYFUNCTION("""COMPUTED_VALUE"""),27520.0) -> 27520 | F48: 40768 | H48: =IFERROR(__xludf.DUMMYFUNCTION("""COMPUTED_VALUE"""),"2018 Q2") -> 2018 Q2 | K48: =IFERROR(__xludf.DUMMYFUNCTION("""COMPUTED_VALUE"""),6051.0) -> 6051 | N48: =IFERROR(__xludf.DUMMYFUNCTION("""COMPUTED_VALUE"""),7197.0) -> 7197 | Q48: =IFERROR(__xludf.DUMMYFUNCTION("""COMPUTED_VALUE"""),18449.0) -> 18449 | R48: =IFERROR(__xludf.DUMMYFUNCTION("""COMPUTED_VALUE"""),9071.0) -> 9071 | T48: 40768
B49: =IFERROR(__xludf.DUMMYFUNCTION("""COMPUTED_VALUE"""),"2018 Q3") -> 2018 Q3 | C49: =IFERROR(__xludf.DUMMYFUNCTION("""COMPUTED_VALUE"""),3729.0) -> 3729 | D49: =IFERROR(__xludf.DUMMYFUNCTION("""COMPUTED_VALUE"""),7777.0) -> 7777 | E49: =IFERROR(__xludf.DUMMYFUNCTION("""COMPUTED_VALUE"""),72269.0) -> 72269 | F49: 83775 | H49: =IFERROR(__xludf.DUMMYFUNCTION("""COMPUTED_VALUE"""),"2018 Q3") -> 2018 Q3 | K49: =IFERROR(__xludf.DUMMYFUNCTION("""COMPUTED_VALUE"""),3729.0) -> 3729 | N49: =IFERROR(__xludf.DUMMYFUNCTION("""COMPUTED_VALUE"""),7777.0) -> 7777 | Q49: =IFERROR(__xludf.DUMMYFUNCTION("""COMPUTED_VALUE"""),56065.0) -> 56065 | R49: =IFERROR(__xludf.DUMMYFUNCTION("""COMPUTED_VALUE"""),16204.0) -> 16204 | T49: 83775
B50: =IFERROR(__xludf.DUMMYFUNCTION("""COMPUTED_VALUE"""),"2018 Q4") -> 2018 Q4 | C50: =IFERROR(__xludf.DUMMYFUNCTION("""COMPUTED_VALUE"""),3649.0) -> 3649 | D50: =IFERROR(__xludf.DUMMYFUNCTION("""COMPUTED_VALUE"""),8159.0) -> 8159 | E50: =IFERROR(__xludf.DUMMYFUNCTION("""COMPUTED_VALUE"""),79158.0) -> 79158 | F50: 90966 | H50: =IFERROR(__xludf.DUMMYFUNCTION("""COMPUTED_VALUE"""),"2018 Q4") -> 2018 Q4 | K50: =IFERROR(__xludf.DUMMYFUNCTION("""COMPUTED_VALUE"""),3649.0) -> 3649 | N50: =IFERROR(__xludf.DUMMYFUNCTION("""COMPUTED_VALUE"""),8159.0) -> 8159 | Q50: =IFERROR(__xludf.DUMMYFUNCTION("""COMPUTED_VALUE"""),63359.0) -> 63359 | R50: =IFERROR(__xludf.DUMMYFUNCTION("""COMPUTED_VALUE"""),15799.0) -> 15799 | T50: 90966
B51: =IFERROR(__xludf.DUMMYFUNCTION("""COMPUTED_VALUE"""),"2019 Q1") -> 2019 Q1 | C51: =IFERROR(__xludf.DUMMYFUNCTION("""COMPUTED_VALUE"""),7224.0) -> 7224 | D51: =IFERROR(__xludf.DUMMYFUNCTION("""COMPUTED_VALUE"""),22762.0) -> 22762 | E51: =IFERROR(__xludf.DUMMYFUNCTION("""COMPUTED_VALUE"""),33033.0) -> 33033 | F51: 63019 | H51: =IFERROR(__xludf.DUMMYFUNCTION("""COMPUTED_VALUE"""),"2019 Q1") -> 2019 Q1 | J51: =IFERROR(__xludf.DUMMYFUNCTION("""COMPUTED_VALUE"""),3738.0) -> 3738 | K51: =IFERROR(__xludf.DUMMYFUNCTION("""COMPUTED_VALUE"""),3486.0) -> 3486 | M51: =IFERROR(__xludf.DUMMYFUNCTION("""COMPUTED_VALUE"""),19643.0) -> 19643 | N51: =IFERROR(__xludf.DUMMYFUNCTION("""COMPUTED_VALUE"""),3119.0) -> 3119 | Q51: =IFERROR(__xludf.DUMMYFUNCTION("""COMPUTED_VALUE"""),27547.0) -> 27547 | R51: =IFERROR(__xludf.DUMMYFUNCTION("""COMPUTED_VALUE"""),5486.0) -> 5486 | T51: 63019
B52: =IFERROR(__xludf.DUMMYFUNCTION("""COMPUTED_VALUE"""),"2019 Q2") -> 2019 Q2 | C52: =IFERROR(__xludf.DUMMYFUNCTION("""COMPUTED_VALUE"""),12590.0) -> 12590 | D52: =IFERROR(__xludf.DUMMYFUNCTION("""COMPUTED_VALUE"""),22805.0) -> 22805 | E52: =IFERROR(__xludf.DUMMYFUNCTION("""COMPUTED_VALUE"""),59961.0) -> 59961 | F52: 95356 | H52: =IFERROR(__xludf.DUMMYFUNCTION("""COMPUTED_VALUE"""),"2019 Q2") -> 2019 Q2 | J52: =IFERROR(__xludf.DUMMYFUNCTION("""COMPUTED_VALUE"""),8139.0) -> 8139 | K52: =IFERROR(__xludf.DUMMYFUNCTION("""COMPUTED_VALUE"""),4451.0) -> 4451 | M52: =IFERROR(__xludf.DUMMYFUNCTION("""COMPUTED_VALUE"""),18220.0) -> 18220 | N52: =IFERROR(__xludf.DUMMYFUNCTION("""COMPUTED_VALUE"""),4585.0) -> 4585 | Q52: =IFERROR(__xludf.DUMMYFUNCTION("""COMPUTED_VALUE"""),51275.0) -> 51275 | R52: =IFERROR(__xludf.DUMMYFUNCTION("""COMPUTED_VALUE"""),8686.0) -> 8686 | T52: 95356
B53: =IFERROR(__xludf.DUMMYFUNCTION("""COMPUTED_VALUE"""),"2019 Q3") -> 2019 Q3 | C53: =IFERROR(__xludf.DUMMYFUNCTION("""COMPUTED_VALUE"""),14608.0) -> 14608 | D53: =IFERROR(__xludf.DUMMYFUNCTION("""COMPUTED_VALUE"""),30081.0) -> 30081 | E53: =IFERROR(__xludf.DUMMYFUNCTION("""COMPUTED_VALUE"""),52497.0) -> 52497 | F53: 97186 | H53: =IFERROR(__xludf.DUMMYFUNCTION("""COMPUTED_VALUE"""),"2019 Q3") -> 2019 Q3 | J53: =IFERROR(__xludf.DUMMYFUNCTION("""COMPUTED_VALUE"""),10648.0) -> 10648 | K53: =IFERROR(__xludf.DUMMYFUNCTION("""COMPUTED_VALUE"""),3960.0) -> 3960 | M53: =IFERROR(__xludf.DUMMYFUNCTION("""COMPUTED_VALUE"""),26080.0) -> 26080 | N53: =IFERROR(__xludf.DUMMYFUNCTION("""COMPUTED_VALUE"""),4001.0) -> 4001 | Q53: =IFERROR(__xludf.DUMMYFUNCTION("""COMPUTED_VALUE"""),42975.0) -> 42975 | R53: =IFERROR(__xludf.DUMMYFUNCTION("""COMPUTED_VALUE"""),9522.0) -> 9522 | T53: 97186
B54: =IFERROR(__xludf.DUMMYFUNCTION("""COMPUTED_VALUE"""),"2019 Q4") -> 2019 Q4 | C54: =IFERROR(__xludf.DUMMYFUNCTION("""COMPUTED_VALUE"""),18836.0) -> 18836 | D54: =IFERROR(__xludf.DUMMYFUNCTION("""COMPUTED_VALUE"""),35471.0) -> 35471 | E54: =IFERROR(__xludf.DUMMYFUNCTION("""COMPUTED_VALUE"""),57788.0) -> 57788 | F54: 112095 | H54: =IFERROR(__xludf.DUMMYFUNCTION("""COMPUTED_VALUE"""),"2019 Q4") -> 2019 Q4 | J54: =IFERROR(__xludf.DUMMYFUNCTION("""COMPUTED_VALUE"""),15207.0) -> 15207 | K54: =IFERROR(__xludf.DUMMYFUNCTION("""COMPUTED_VALUE"""),3629.0) -> 3629 | M54: =IFERROR(__xludf.DUMMYFUNCTION("""COMPUTED_VALUE"""),31941.0) -> 31941 | N54: =IFERROR(__xludf.DUMMYFUNCTION("""COMPUTED_VALUE"""),3530.0) -> 3530 | Q54: =IFERROR(__xludf.DUMMYFUNCTION("""COMPUTED_VALUE"""),45472.0) -> 45472 | R54: =IFERROR(__xludf.DUMMYFUNCTION("""COMPUTED_VALUE"""),12316.0) -> 12316 | T54: 112095
B55: =IFERROR(__xludf.DUMMYFUNCTION("""COMPUTED_VALUE"""),"2020 Q1") -> 2020 Q1 | C55: =IFERROR(__xludf.DUMMYFUNCTION("""COMPUTED_VALUE"""),27266.0) -> 27266 | D55: =IFERROR(__xludf.DUMMYFUNCTION("""COMPUTED_VALUE"""),23782.0) -> 23782 | E55: =IFERROR(__xludf.DUMMYFUNCTION("""COMPUTED_VALUE"""),37448.0) -> 37448 | F55: 88496 | H55: =IFERROR(__xludf.DUMMYFUNCTION("""COMPUTED_VALUE"""),"2020 Q1") -> 2020 Q1 | J55: =IFERROR(__xludf.DUMMYFUNCTION("""COMPUTED_VALUE"""),25568.0) -> 25568 | K55: =IFERROR(__xludf.DUMMYFUNCTION("""COMPUTED_VALUE"""),1698.0) -> 1698 | M55: =IFERROR(__xludf.DUMMYFUNCTION("""COMPUTED_VALUE"""),21235.0) -> 21235 | N55: =IFERROR(__xludf.DUMMYFUNCTION("""COMPUTED_VALUE"""),2547.0) -> 2547 | Q55: =IFERROR(__xludf.DUMMYFUNCTION("""COMPUTED_VALUE"""),27297.0) -> 27297 | R55: =IFERROR(__xludf.DUMMYFUNCTION("""COMPUTED_VALUE"""),7985.0) -> 7985 | S55: =IFERROR(__xludf.DUMMYFUNCTION("""COMPUTED_VALUE"""),2166.0) -> 2166 | T55: 88496
B56: =IFERROR(__xludf.DUMMYFUNCTION("""COMPUTED_VALUE"""),"2020 Q2") -> 2020 Q2 | C56: =IFERROR(__xludf.DUMMYFUNCTION("""COMPUTED_VALUE"""),35464.0) -> 35464 | D56: =IFERROR(__xludf.DUMMYFUNCTION("""COMPUTED_VALUE"""),13988.0) -> 13988 | E56: =IFERROR(__xludf.DUMMYFUNCTION("""COMPUTED_VALUE"""),41439.0) -> 41439 | F56: 90891 | H56: =IFERROR(__xludf.DUMMYFUNCTION("""COMPUTED_VALUE"""),"2020 Q2") -> 2020 Q2 | J56: =IFERROR(__xludf.DUMMYFUNCTION("""COMPUTED_VALUE"""),34326.0) -> 34326 | K56: =IFERROR(__xludf.DUMMYFUNCTION("""COMPUTED_VALUE"""),1138.0) -> 1138 | M56: =IFERROR(__xludf.DUMMYFUNCTION("""COMPUTED_VALUE"""),11972.0) -> 11972 | N56: =IFERROR(__xludf.DUMMYFUNCTION("""COMPUTED_VALUE"""),2016.0) -> 2016 | Q56: =IFERROR(__xludf.DUMMYFUNCTION("""COMPUTED_VALUE"""),20702.0) -> 20702 | R56: =IFERROR(__xludf.DUMMYFUNCTION("""COMPUTED_VALUE"""),7460.0) -> 7460 | S56: =IFERROR(__xludf.DUMMYFUNCTION("""COMPUTED_VALUE"""),13277.0) -> 13277 | T56: 90891
B57: =IFERROR(__xludf.DUMMYFUNCTION("""COMPUTED_VALUE"""),"2020 Q3") -> 2020 Q3 | C57: =IFERROR(__xludf.DUMMYFUNCTION("""COMPUTED_VALUE"""),45118.0) -> 45118 | D57: =IFERROR(__xludf.DUMMYFUNCTION("""COMPUTED_VALUE"""),27306.0) -> 27306 | E57: =IFERROR(__xludf.DUMMYFUNCTION("""COMPUTED_VALUE"""),67169.0) -> 67169 | F57: 139593 | H57: =IFERROR(__xludf.DUMMYFUNCTION("""COMPUTED_VALUE"""),"2020 Q3") -> 2020 Q3 | J57: =IFERROR(__xludf.DUMMYFUNCTION("""COMPUTED_VALUE"""),41542.0) -> 41542 | K57: =IFERROR(__xludf.DUMMYFUNCTION("""COMPUTED_VALUE"""),3576.0) -> 3576 | M57: =IFERROR(__xludf.DUMMYFUNCTION("""COMPUTED_VALUE"""),24074.0) -> 24074 | N57: =IFERROR(__xludf.DUMMYFUNCTION("""COMPUTED_VALUE"""),3232.0) -> 3232 | Q57: =IFERROR(__xludf.DUMMYFUNCTION("""COMPUTED_VALUE"""),26384.0) -> 26384 | R57: =IFERROR(__xludf.DUMMYFUNCTION("""COMPUTED_VALUE"""),8467.0) -> 8467 | S57: =IFERROR(__xludf.DUMMYFUNCTION("""COMPUTED_VALUE"""),32318.0) -> 32318 | T57: 139593
B58: =IFERROR(__xludf.DUMMYFUNCTION("""COMPUTED_VALUE"""),"2020 Q4") -> 2020 Q4 | C58: =IFERROR(__xludf.DUMMYFUNCTION("""COMPUTED_VALUE"""),65811.0) -> 65811 | D58: =IFERROR(__xludf.DUMMYFUNCTION("""COMPUTED_VALUE"""),34110.0) -> 34110 | E58: =IFERROR(__xludf.DUMMYFUNCTION("""COMPUTED_VALUE"""),80746.0) -> 80746 | F58: 180667 | H58: =IFERROR(__xludf.DUMMYFUNCTION("""COMPUTED_VALUE"""),"2020 Q4") -> 2020 Q4 | J58: =IFERROR(__xludf.DUMMYFUNCTION("""COMPUTED_VALUE"""),62976.0) -> 62976 | K58: =IFERROR(__xludf.DUMMYFUNCTION("""COMPUTED_VALUE"""),2835.0) -> 2835 | M58: =IFERROR(__xludf.DUMMYFUNCTION("""COMPUTED_VALUE"""),30695.0) -> 30695 | N58: =IFERROR(__xludf.DUMMYFUNCTION("""COMPUTED_VALUE"""),3415.0) -> 3415 | Q58: =IFERROR(__xludf.DUMMYFUNCTION("""COMPUTED_VALUE"""),29479.0) -> 29479 | R58: =IFERROR(__xludf.DUMMYFUNCTION("""COMPUTED_VALUE"""),12716.0) -> 12716 | S58: =IFERROR(__xludf.DUMMYFUNCTION("""COMPUTED_VALUE"""),38551.0) -> 38551 | T58: 180667
B59: =IFERROR(__xludf.DUMMYFUNCTION("""COMPUTED_VALUE"""),"2021 Q1") -> 2021 Q1 | C59: =IFERROR(__xludf.DUMMYFUNCTION("""COMPUTED_VALUE"""),78934.0) -> 78934 | D59: =IFERROR(__xludf.DUMMYFUNCTION("""COMPUTED_VALUE"""),31530.0) -> 31530 | E59: =IFERROR(__xludf.DUMMYFUNCTION("""COMPUTED_VALUE"""),74413.0) -> 74413 | F59: 184877 | H59: =IFERROR(__xludf.DUMMYFUNCTION("""COMPUTED_VALUE"""),"2021 Q1") -> 2021 Q1 | J59: =IFERROR(__xludf.DUMMYFUNCTION("""COMPUTED_VALUE"""),61973.0) -> 61973 | K59: =IFERROR(__xludf.DUMMYFUNCTION("""COMPUTED_VALUE"""),519.0) -> 519 | L59: =IFERROR(__xludf.DUMMYFUNCTION("""COMPUTED_VALUE"""),16442.0) -> 16442 | M59: =IFERROR(__xludf.DUMMYFUNCTION("""COMPUTED_VALUE"""),31246.0) -> 31246 | N59: =IFERROR(__xludf.DUMMYFUNCTION("""COMPUTED_VALUE"""),284.0) -> 284 | Q59: =IFERROR(__xludf.DUMMYFUNCTION("""COMPUTED_VALUE"""),28081.0) -> 28081 | R59: =IFERROR(__xludf.DUMMYFUNCTION("""COMPUTED_VALUE"""),1227.0) -> 1227 | S59: =IFERROR(__xludf.DUMMYFUNCTION("""COMPUTED_VALUE"""),45105.0) -> 45105 | T59: 184877
B60: =IFERROR(__xludf.DUMMYFUNCTION("""COMPUTED_VALUE"""),"2021 Q2") -> 2021 Q2 | C60: =IFERROR(__xludf.DUMMYFUNCTION("""COMPUTED_VALUE"""),81093.0) -> 81093 | D60: =IFERROR(__xludf.DUMMYFUNCTION("""COMPUTED_VALUE"""),36480.0) -> 36480 | E60: =IFERROR(__xludf.DUMMYFUNCTION("""COMPUTED_VALUE"""),83731.0) -> 83731 | F60: 201304 | H60: =IFERROR(__xludf.DUMMYFUNCTION("""COMPUTED_VALUE"""),"2021 Q2") -> 2021 Q2 | J60: =IFERROR(__xludf.DUMMYFUNCTION("""COMPUTED_VALUE"""),45942.0) -> 45942 | K60: =IFERROR(__xludf.DUMMYFUNCTION("""COMPUTED_VALUE"""),70.0) -> 70 | L60: =IFERROR(__xludf.DUMMYFUNCTION("""COMPUTED_VALUE"""),35081.0) -> 35081 | M60: =IFERROR(__xludf.DUMMYFUNCTION("""COMPUTED_VALUE"""),36465.0) -> 36465 | N60: =IFERROR(__xludf.DUMMYFUNCTION("""COMPUTED_VALUE"""),15.0) -> 15 | Q60: =IFERROR(__xludf.DUMMYFUNCTION("""COMPUTED_VALUE"""),32918.0) -> 32918 | R60: =IFERROR(__xludf.DUMMYFUNCTION("""COMPUTED_VALUE"""),1810.0) -> 1810 | S60: =IFERROR(__xludf.DUMMYFUNCTION("""COMPUTED_VALUE"""),49003.0) -> 49003 | T60: 201304
B61: =IFERROR(__xludf.DUMMYFUNCTION("""COMPUTED_VALUE"""),"2021 Q3") -> 2021 Q3 | C61: =IFERROR(__xludf.DUMMYFUNCTION("""COMPUTED_VALUE"""),90615.0) -> 90615 | D61: =IFERROR(__xludf.DUMMYFUNCTION("""COMPUTED_VALUE"""),46344.0) -> 46344 | E61: =IFERROR(__xludf.DUMMYFUNCTION("""COMPUTED_VALUE"""),104432.0) -> 104432 | F61: 241391 | H61: =IFERROR(__xludf.DUMMYFUNCTION("""COMPUTED_VALUE"""),"2021 Q3") -> 2021 Q3 | J61: =IFERROR(__xludf.DUMMYFUNCTION("""COMPUTED_VALUE"""),40186.0) -> 40186 | K61: =IFERROR(__xludf.DUMMYFUNCTION("""COMPUTED_VALUE"""),40.0) -> 40 | L61: =IFERROR(__xludf.DUMMYFUNCTION("""COMPUTED_VALUE"""),50389.0) -> 50389 | M61: =IFERROR(__xludf.DUMMYFUNCTION("""COMPUTED_VALUE"""),33935.0) -> 33935 | N61: =IFERROR(__xludf.DUMMYFUNCTION("""COMPUTED_VALUE"""),7.0) -> 7 | O61: =IFERROR(__xludf.DUMMYFUNCTION("""COMPUTED_VALUE"""),12402.0) -> 12402 | Q61: =IFERROR(__xludf.DUMMYFUNCTION("""COMPUTED_VALUE"""),51435.0) -> 51435 | R61: =IFERROR(__xludf.DUMMYFUNCTION("""COMPUTED_VALUE"""),9242.0) -> 9242 | S61: =IFERROR(__xludf.DUMMYFUNCTION("""COMPUTED_VALUE"""),43755.0) -> 43755 | T61: 241391
B62: =IFERROR(__xludf.DUMMYFUNCTION("""COMPUTED_VALUE"""),"2021 Q4") -> 2021 Q4 | C62: =IFERROR(__xludf.DUMMYFUNCTION("""COMPUTED_VALUE"""),129855.0) -> 129855 | D62: =IFERROR(__xludf.DUMMYFUNCTION("""COMPUTED_VALUE"""),54997.0) -> 54997 | E62: =IFERROR(__xludf.DUMMYFUNCTION("""COMPUTED_VALUE"""),123798.0) -> 123798 | F62: 308650 | H62: =IFERROR(__xludf.DUMMYFUNCTION("""COMPUTED_VALUE"""),"2021 Q4") -> 2021 Q4 | J62: =IFERROR(__xludf.DUMMYFUNCTION("""COMPUTED_VALUE"""),50040.0) -> 50040 | K62: =IFERROR(__xludf.DUMMYFUNCTION("""COMPUTED_VALUE"""),1.0) -> 1 | L62: =IFERROR(__xludf.DUMMYFUNCTION("""COMPUTED_VALUE"""),79814.0) -> 79814 | M62: =IFERROR(__xludf.DUMMYFUNCTION("""COMPUTED_VALUE"""),42018.0) -> 42018 | N62: =IFERROR(__xludf.DUMMYFUNCTION("""COMPUTED_VALUE"""),4.0) -> 4 | O62: =IFERROR(__xludf.DUMMYFUNCTION("""COMPUTED_VALUE"""),12975.0) -> 12975 | Q62: =IFERROR(__xludf.DUMMYFUNCTION("""COMPUTED_VALUE"""),55945.0) -> 55945 | R62: =IFERROR(__xludf.DUMMYFUNCTION("""COMPUTED_VALUE"""),11761.0) -> 11761 | S62: =IFERROR(__xludf.DUMMYFUNCTION("""COMPUTED_VALUE"""),56092.0) -> 56092 | T62: 308650
B63: =IFERROR(__xludf.DUMMYFUNCTION("""COMPUTED_VALUE"""),"2022 Q1") -> 2022 Q1 | C63: =IFERROR(__xludf.DUMMYFUNCTION("""COMPUTED_VALUE"""),126555.0) -> 126555 | D63: =IFERROR(__xludf.DUMMYFUNCTION("""COMPUTED_VALUE"""),59603.0) -> 59603 | E63: =IFERROR(__xludf.DUMMYFUNCTION("""COMPUTED_VALUE"""),123890.0) -> 123890 | F63: 310048 | H63: =IFERROR(__xludf.DUMMYFUNCTION("""COMPUTED_VALUE"""),"2022 Q1") -> 2022 Q1 | J63: =IFERROR(__xludf.DUMMYFUNCTION("""COMPUTED_VALUE"""),47980.0) -> 47980 | K63: =IFERROR(__xludf.DUMMYFUNCTION("""COMPUTED_VALUE"""),0.0) -> 0 | L63: =IFERROR(__xludf.DUMMYFUNCTION("""COMPUTED_VALUE"""),78575.0) -> 78575 | M63: =IFERROR(__xludf.DUMMYFUNCTION("""COMPUTED_VALUE"""),32716.0) -> 32716 | N63: =IFERROR(__xludf.DUMMYFUNCTION("""COMPUTED_VALUE"""),11.0) -> 11 | O63: =IFERROR(__xludf.DUMMYFUNCTION("""COMPUTED_VALUE"""),26876.0) -> 26876 | Q63: =IFERROR(__xludf.DUMMYFUNCTION("""COMPUTED_VALUE"""),53103.0) -> 53103 | R63: =IFERROR(__xludf.DUMMYFUNCTION("""COMPUTED_VALUE"""),14713.0) -> 14713 | S63: =IFERROR(__xludf.DUMMYFUNCTION("""COMPUTED_VALUE"""),56074.0) -> 56074 | T63: 310048
B64: =IFERROR(__xludf.DUMMYFUNCTION("""COMPUTED_VALUE"""),"2022 Q2") -> 2022 Q2 | C64: =IFERROR(__xludf.DUMMYFUNCTION("""COMPUTED_VALUE"""),100176.0) -> 100176 | D64: =IFERROR(__xludf.DUMMYFUNCTION("""COMPUTED_VALUE"""),26220.0) -> 26220 | E64: =IFERROR(__xludf.DUMMYFUNCTION("""COMPUTED_VALUE"""),128299.0) -> 128299 | F64: 254695 | H64: =IFERROR(__xludf.DUMMYFUNCTION("""COMPUTED_VALUE"""),"2022 Q2") -> 2022 Q2 | J64: =IFERROR(__xludf.DUMMYFUNCTION("""COMPUTED_VALUE"""),36592.0) -> 36592 | K64: =IFERROR(__xludf.DUMMYFUNCTION("""COMPUTED_VALUE"""),0.0) -> 0 | L64: =IFERROR(__xludf.DUMMYFUNCTION("""COMPUTED_VALUE"""),63584.0) -> 63584 | M64: =IFERROR(__xludf.DUMMYFUNCTION("""COMPUTED_VALUE"""),7432.0) -> 7432 | N64: =IFERROR(__xludf.DUMMYFUNCTION("""COMPUTED_VALUE"""),10.0) -> 10 | O64: =IFERROR(__xludf.DUMMYFUNCTION("""COMPUTED_VALUE"""),18778.0) -> 18778 | Q64: =IFERROR(__xludf.DUMMYFUNCTION("""COMPUTED_VALUE"""),52444.0) -> 52444 | R64: =IFERROR(__xludf.DUMMYFUNCTION("""COMPUTED_VALUE"""),16152.0) -> 16152 | S64: =IFERROR(__xludf.DUMMYFUNCTION("""COMPUTED_VALUE"""),59703.0) -> 59703 | T64: 254695
B65: =IFERROR(__xludf.DUMMYFUNCTION("""COMPUTED_VALUE"""),"2022 Q3") -> 2022 Q3 | C65: =IFERROR(__xludf.DUMMYFUNCTION("""COMPUTED_VALUE"""),149050.0) -> 149050 | D65: =IFERROR(__xludf.DUMMYFUNCTION("""COMPUTED_VALUE"""),54304.0) -> 54304 | E65: =IFERROR(__xludf.DUMMYFUNCTION("""COMPUTED_VALUE"""),140476.0) -> 140476 | F65: 343830 | H65: =IFERROR(__xludf.DUMMYFUNCTION("""COMPUTED_VALUE"""),"2022 Q3") -> 2022 Q3 | J65: =IFERROR(__xludf.DUMMYFUNCTION("""COMPUTED_VALUE"""),46620.0) -> 46620 | K65: =IFERROR(__xludf.DUMMYFUNCTION("""COMPUTED_VALUE"""),0.0) -> 0 | L65: =IFERROR(__xludf.DUMMYFUNCTION("""COMPUTED_VALUE"""),102430.0) -> 102430 | M65: =IFERROR(__xludf.DUMMYFUNCTION("""COMPUTED_VALUE"""),15728.0) -> 15728 | N65: =IFERROR(__xludf.DUMMYFUNCTION("""COMPUTED_VALUE"""),6.0) -> 6 | O65: =IFERROR(__xludf.DUMMYFUNCTION("""COMPUTED_VALUE"""),38570.0) -> 38570 | Q65: =IFERROR(__xludf.DUMMYFUNCTION("""COMPUTED_VALUE"""),59643.0) -> 59643 | R65: =IFERROR(__xludf.DUMMYFUNCTION("""COMPUTED_VALUE"""),18666.0) -> 18666 | S65: =IFERROR(__xludf.DUMMYFUNCTION("""COMPUTED_VALUE"""),62167.0) -> 62167 | T65: 343830
B66: =IFERROR(__xludf.DUMMYFUNCTION("""COMPUTED_VALUE"""),"2022 Q4") -> 2022 Q4 | C66: =IFERROR(__xludf.DUMMYFUNCTION("""COMPUTED_VALUE"""),148664.0) -> 148664 | D66: =IFERROR(__xludf.DUMMYFUNCTION("""COMPUTED_VALUE"""),93837.0) -> 93837 | E66: =IFERROR(__xludf.DUMMYFUNCTION("""COMPUTED_VALUE"""),162777.0) -> 162777 | F66: 405278 | H66: =IFERROR(__xludf.DUMMYFUNCTION("""COMPUTED_VALUE"""),"2022 Q4") -> 2022 Q4 | J66: =IFERROR(__xludf.DUMMYFUNCTION("""COMPUTED_VALUE"""),34517.0) -> 34517 | K66: =IFERROR(__xludf.DUMMYFUNCTION("""COMPUTED_VALUE"""),255.0) -> 255 | L66: =IFERROR(__xludf.DUMMYFUNCTION("""COMPUTED_VALUE"""),113892.0) -> 113892 | M66: =IFERROR(__xludf.DUMMYFUNCTION("""COMPUTED_VALUE"""),36480.0) -> 36480 | N66: =IFERROR(__xludf.DUMMYFUNCTION("""COMPUTED_VALUE"""),2884.0) -> 2884 | O66: =IFERROR(__xludf.DUMMYFUNCTION("""COMPUTED_VALUE"""),54473.0) -> 54473 | Q66: =IFERROR(__xludf.DUMMYFUNCTION("""COMPUTED_VALUE"""),58894.0) -> 58894 | R66: =IFERROR(__xludf.DUMMYFUNCTION("""COMPUTED_VALUE"""),14008.0) -> 14008 | S66: =IFERROR(__xludf.DUMMYFUNCTION("""COMPUTED_VALUE"""),89875.0) -> 89875 | T66: 405278
B67: =IFERROR(__xludf.DUMMYFUNCTION("""COMPUTED_VALUE"""),"2023 Q1") -> 2023 Q1 | C67: =IFERROR(__xludf.DUMMYFUNCTION("""COMPUTED_VALUE"""),163813.0) -> 163813 | D67: =IFERROR(__xludf.DUMMYFUNCTION("""COMPUTED_VALUE"""),94242.0) -> 94242 | E67: =IFERROR(__xludf.DUMMYFUNCTION("""COMPUTED_VALUE"""),164820.0) -> 164820 | F67: 422875 | H67: =IFERROR(__xludf.DUMMYFUNCTION("""COMPUTED_VALUE"""),"2023 Q1") -> 2023 Q1 | J67: =IFERROR(__xludf.DUMMYFUNCTION("""COMPUTED_VALUE"""),54109.0) -> 54109 | K67: =IFERROR(__xludf.DUMMYFUNCTION("""COMPUTED_VALUE"""),601.0) -> 601 | L67: =IFERROR(__xludf.DUMMYFUNCTION("""COMPUTED_VALUE"""),109103.0) -> 109103 | M67: =IFERROR(__xludf.DUMMYFUNCTION("""COMPUTED_VALUE"""),18777.0) -> 18777 | N67: =IFERROR(__xludf.DUMMYFUNCTION("""COMPUTED_VALUE"""),2083.0) -> 2083 | O67: =IFERROR(__xludf.DUMMYFUNCTION("""COMPUTED_VALUE"""),73382.0) -> 73382 | Q67: =IFERROR(__xludf.DUMMYFUNCTION("""COMPUTED_VALUE"""),60929.0) -> 60929 | R67: =IFERROR(__xludf.DUMMYFUNCTION("""COMPUTED_VALUE"""),8011.0) -> 8011 | S67: =IFERROR(__xludf.DUMMYFUNCTION("""COMPUTED_VALUE"""),95880.0) -> 95880 | T67: 422875
B68: =IFERROR(__xludf.DUMMYFUNCTION("""COMPUTED_VALUE"""),"2023 Q2") -> 2023 Q2 | C68: =IFERROR(__xludf.DUMMYFUNCTION("""COMPUTED_VALUE"""),193676.0) -> 193676 | D68: =IFERROR(__xludf.DUMMYFUNCTION("""COMPUTED_VALUE"""),92196.0) -> 92196 | E68: =IFERROR(__xludf.DUMMYFUNCTION("""COMPUTED_VALUE"""),180268.0) -> 180268 | F68: 466140 | H68: =IFERROR(__xludf.DUMMYFUNCTION("""COMPUTED_VALUE"""),"2023 Q2") -> 2023 Q2 | J68: =IFERROR(__xludf.DUMMYFUNCTION("""COMPUTED_VALUE"""),55908.0) -> 55908 | K68: =IFERROR(__xludf.DUMMYFUNCTION("""COMPUTED_VALUE"""),5123.0) -> 5123 | L68: =IFERROR(__xludf.DUMMYFUNCTION("""COMPUTED_VALUE"""),132645.0) -> 132645 | M68: =IFERROR(__xludf.DUMMYFUNCTION("""COMPUTED_VALUE"""),23182.0) -> 23182 | N68: =IFERROR(__xludf.DUMMYFUNCTION("""COMPUTED_VALUE"""),3502.0) -> 3502 | O68: =IFERROR(__xludf.DUMMYFUNCTION("""COMPUTED_VALUE"""),65512.0) -> 65512 | Q68: =IFERROR(__xludf.DUMMYFUNCTION("""COMPUTED_VALUE"""),63613.0) -> 63613 | R68: =IFERROR(__xludf.DUMMYFUNCTION("""COMPUTED_VALUE"""),10600.0) -> 10600 | S68: =IFERROR(__xludf.DUMMYFUNCTION("""COMPUTED_VALUE"""),106055.0) -> 106055 | T68: 466140
B69: =IFERROR(__xludf.DUMMYFUNCTION("""COMPUTED_VALUE"""),"2023 Q3") -> 2023 Q3 | C69: =IFERROR(__xludf.DUMMYFUNCTION("""COMPUTED_VALUE"""),181071.0) -> 181071 | D69: =IFERROR(__xludf.DUMMYFUNCTION("""COMPUTED_VALUE"""),85581.0) -> 85581 | E69: =IFERROR(__xludf.DUMMYFUNCTION("""COMPUTED_VALUE"""),168407.0) -> 168407 | F69: 435059 | H69: =IFERROR(__xludf.DUMMYFUNCTION("""COMPUTED_VALUE"""),"2023 Q3") -> 2023 Q3 | J69: =IFERROR(__xludf.DUMMYFUNCTION("""COMPUTED_VALUE"""),29288.0) -> 29288 | K69: =IFERROR(__xludf.DUMMYFUNCTION("""COMPUTED_VALUE"""),3290.0) -> 3290 | L69: =IFERROR(__xludf.DUMMYFUNCTION("""COMPUTED_VALUE"""),148493.0) -> 148493 | M69: =IFERROR(__xludf.DUMMYFUNCTION("""COMPUTED_VALUE"""),21628.0) -> 21628 | N69: =IFERROR(__xludf.DUMMYFUNCTION("""COMPUTED_VALUE"""),1554.0) -> 1554 | O69: =IFERROR(__xludf.DUMMYFUNCTION("""COMPUTED_VALUE"""),62399.0) -> 62399 | P69: =IFERROR(__xludf.DUMMYFUNCTION("""COMPUTED_VALUE"""),0.0) -> 0 | Q69: =IFERROR(__xludf.DUMMYFUNCTION("""COMPUTED_VALUE"""),59203.0) -> 59203 | R69: =IFERROR(__xludf.DUMMYFUNCTION("""COMPUTED_VALUE"""),11141.0) -> 11141 | S69: =IFERROR(__xludf.DUMMYFUNCTION("""COMPUTED_VALUE"""),98063.0) -> 98063 | T69: 435059
B70: =IFERROR(__xludf.DUMMYFUNCTION("""COMPUTED_VALUE"""),"2023 Q4") -> 2023 Q4 | C70: =IFERROR(__xludf.DUMMYFUNCTION("""COMPUTED_VALUE"""),204989.0) -> 204989 | D70: =IFERROR(__xludf.DUMMYFUNCTION("""COMPUTED_VALUE"""),93152.0) -> 93152 | E70: =IFERROR(__xludf.DUMMYFUNCTION("""COMPUTED_VALUE"""),186366.0) -> 186366 | F70: 484507 | H70: =IFERROR(__xludf.DUMMYFUNCTION("""COMPUTED_VALUE"""),"2023 Q4") -> 2023 Q4 | J70: =IFERROR(__xludf.DUMMYFUNCTION("""COMPUTED_VALUE"""),42402.0) -> 42402 | K70: =IFERROR(__xludf.DUMMYFUNCTION("""COMPUTED_VALUE"""),3205.0) -> 3205 | L70: =IFERROR(__xludf.DUMMYFUNCTION("""COMPUTED_VALUE"""),159382.0) -> 159382 | M70: =IFERROR(__xludf.DUMMYFUNCTION("""COMPUTED_VALUE"""),37345.0) -> 37345 | N70: =IFERROR(__xludf.DUMMYFUNCTION("""COMPUTED_VALUE"""),1915.0) -> 1915 | O70: =IFERROR(__xludf.DUMMYFUNCTION("""COMPUTED_VALUE"""),53892.0) -> 53892 | P70: =IFERROR(__xludf.DUMMYFUNCTION("""COMPUTED_VALUE"""),124.0) -> 124 | Q70: =IFERROR(__xludf.DUMMYFUNCTION("""COMPUTED_VALUE"""),53980.0) -> 53980 | R70: =IFERROR(__xludf.DUMMYFUNCTION("""COMPUTED_VALUE"""),17725.0) -> 17725 | S70: =IFERROR(__xludf.DUMMYFUNCTION("""COMPUTED_VALUE"""),114537.0) -> 114537 | T70: 484507
B71: =IFERROR(__xludf.DUMMYFUNCTION("""COMPUTED_VALUE"""),"2024 Q1") -> 2024 Q1 | C71: =IFERROR(__xludf.DUMMYFUNCTION("""COMPUTED_VALUE"""),166550.0) -> 166550 | D71: =IFERROR(__xludf.DUMMYFUNCTION("""COMPUTED_VALUE"""),85820.0) -> 85820 | E71: =IFERROR(__xludf.DUMMYFUNCTION("""COMPUTED_VALUE"""),134440.0) -> 134440 | F71: 386810 | H71: =IFERROR(__xludf.DUMMYFUNCTION("""COMPUTED_VALUE"""),"2024 Q1") -> 2024 Q1 | J71: =IFERROR(__xludf.DUMMYFUNCTION("""COMPUTED_VALUE"""),44553.0) -> 44553 | K71: =IFERROR(__xludf.DUMMYFUNCTION("""COMPUTED_VALUE"""),1420.0) -> 1420 | L71: =IFERROR(__xludf.DUMMYFUNCTION("""COMPUTED_VALUE"""),120577.0) -> 120577 | M71: =IFERROR(__xludf.DUMMYFUNCTION("""COMPUTED_VALUE"""),24490.0) -> 24490 | N71: =IFERROR(__xludf.DUMMYFUNCTION("""COMPUTED_VALUE"""),1149.0) -> 1149 | O71: =IFERROR(__xludf.DUMMYFUNCTION("""COMPUTED_VALUE"""),60181.0) -> 60181 | P71: =IFERROR(__xludf.DUMMYFUNCTION("""COMPUTED_VALUE"""),2600.0) -> 2600 | Q71: =IFERROR(__xludf.DUMMYFUNCTION("""COMPUTED_VALUE"""),25326.0) -> 25326 | R71: =IFERROR(__xludf.DUMMYFUNCTION("""COMPUTED_VALUE"""),11858.0) -> 11858 | S71: =IFERROR(__xludf.DUMMYFUNCTION("""COMPUTED_VALUE"""),94656.0) -> 94656 | T71: 386810
B72: =IFERROR(__xludf.DUMMYFUNCTION("""COMPUTED_VALUE"""),"2024 Q2") -> 2024 Q2 | C72: =IFERROR(__xludf.DUMMYFUNCTION("""COMPUTED_VALUE"""),186252.0) -> 186252 | D72: =IFERROR(__xludf.DUMMYFUNCTION("""COMPUTED_VALUE"""),78417.0) -> 78417 | E72: =IFERROR(__xludf.DUMMYFUNCTION("""COMPUTED_VALUE"""),179287.0) -> 179287 | F72: 443956 | H72: =IFERROR(__xludf.DUMMYFUNCTION("""COMPUTED_VALUE"""),"2024 Q2") -> 2024 Q2 | J72: =IFERROR(__xludf.DUMMYFUNCTION("""COMPUTED_VALUE"""),57137.0) -> 57137 | K72: =IFERROR(__xludf.DUMMYFUNCTION("""COMPUTED_VALUE"""),1381.0) -> 1381 | L72: =IFERROR(__xludf.DUMMYFUNCTION("""COMPUTED_VALUE"""),127734.0) -> 127734 | M72: =IFERROR(__xludf.DUMMYFUNCTION("""COMPUTED_VALUE"""),31655.0) -> 31655 | N72: =IFERROR(__xludf.DUMMYFUNCTION("""COMPUTED_VALUE"""),715.0) -> 715 | O72: =IFERROR(__xludf.DUMMYFUNCTION("""COMPUTED_VALUE"""),46047.0) -> 46047 | P72: =IFERROR(__xludf.DUMMYFUNCTION("""COMPUTED_VALUE"""),10100.0) -> 10100 | Q72: =IFERROR(__xludf.DUMMYFUNCTION("""COMPUTED_VALUE"""),47680.0) -> 47680 | R72: =IFERROR(__xludf.DUMMYFUNCTION("""COMPUTED_VALUE"""),9355.0) -> 9355 | S72: =IFERROR(__xludf.DUMMYFUNCTION("""COMPUTED_VALUE"""),112152.0) -> 112152 | T72: 443956
B73: =IFERROR(__xludf.DUMMYFUNCTION("""COMPUTED_VALUE"""),"2024 Q3") -> 2024 Q3 | C73: =IFERROR(__xludf.DUMMYFUNCTION("""COMPUTED_VALUE"""),214634.0) -> 214634 | D73: =IFERROR(__xludf.DUMMYFUNCTION("""COMPUTED_VALUE"""),78279.0) -> 78279 | E73: =IFERROR(__xludf.DUMMYFUNCTION("""COMPUTED_VALUE"""),169977.0) -> 169977 | F73: 462890 | H73: =IFERROR(__xludf.DUMMYFUNCTION("""COMPUTED_VALUE"""),"2024 Q3") -> 2024 Q3 | J73: =IFERROR(__xludf.DUMMYFUNCTION("""COMPUTED_VALUE"""),65711.0) -> 65711 | K73: =IFERROR(__xludf.DUMMYFUNCTION("""COMPUTED_VALUE"""),782.0) -> 782 | L73: =IFERROR(__xludf.DUMMYFUNCTION("""COMPUTED_VALUE"""),148141.0) -> 148141 | M73: =IFERROR(__xludf.DUMMYFUNCTION("""COMPUTED_VALUE"""),23471.0) -> 23471 | N73: =IFERROR(__xludf.DUMMYFUNCTION("""COMPUTED_VALUE"""),967.0) -> 967 | O73: =IFERROR(__xludf.DUMMYFUNCTION("""COMPUTED_VALUE"""),53841.0) -> 53841 | P73: =IFERROR(__xludf.DUMMYFUNCTION("""COMPUTED_VALUE"""),14000.0) -> 14000 | Q73: =IFERROR(__xludf.DUMMYFUNCTION("""COMPUTED_VALUE"""),55197.0) -> 55197 | R73: =IFERROR(__xludf.DUMMYFUNCTION("""COMPUTED_VALUE"""),7166.0) -> 7166 | S73: =IFERROR(__xludf.DUMMYFUNCTION("""COMPUTED_VALUE"""),93614.0) -> 93614 | T73: 462890
B74: =IFERROR(__xludf.DUMMYFUNCTION("""COMPUTED_VALUE"""),"2024 Q4") -> 2024 Q4 | C74: =IFERROR(__xludf.DUMMYFUNCTION("""COMPUTED_VALUE"""),230231.0) -> 230231 | D74: =IFERROR(__xludf.DUMMYFUNCTION("""COMPUTED_VALUE"""),83473.0) -> 83473 | E74: =IFERROR(__xludf.DUMMYFUNCTION("""COMPUTED_VALUE"""),181866.0) -> 181866 | F74: 495570 | H74: =IFERROR(__xludf.DUMMYFUNCTION("""COMPUTED_VALUE"""),"2024 Q4") -> 2024 Q4 | J74: =IFERROR(__xludf.DUMMYFUNCTION("""COMPUTED_VALUE"""),65892.0) -> 65892 | K74: =IFERROR(__xludf.DUMMYFUNCTION("""COMPUTED_VALUE"""),1024.0) -> 1024 | L74: =IFERROR(__xludf.DUMMYFUNCTION("""COMPUTED_VALUE"""),163315.0) -> 163315 | M74: =IFERROR(__xludf.DUMMYFUNCTION("""COMPUTED_VALUE"""),25622.0) -> 25622 | N74: =IFERROR(__xludf.DUMMYFUNCTION("""COMPUTED_VALUE"""),540.0) -> 540 | O74: =IFERROR(__xludf.DUMMYFUNCTION("""COMPUTED_VALUE"""),57311.0) -> 57311 | P74: =IFERROR(__xludf.DUMMYFUNCTION("""COMPUTED_VALUE"""),14040.0) -> 14040 | Q74: =IFERROR(__xludf.DUMMYFUNCTION("""COMPUTED_VALUE"""),58012.0) -> 58012 | R74: =IFERROR(__xludf.DUMMYFUNCTION("""COMPUTED_VALUE"""),8036.0) -> 8036 | S74: =IFERROR(__xludf.DUMMYFUNCTION("""COMPUTED_VALUE"""),101778.0) -> 101778 | T74: 495570
B75: =IFERROR(__xludf.DUMMYFUNCTION("""COMPUTED_VALUE"""),"2025 Q1") -> 2025 Q1 | C75: =IFERROR(__xludf.DUMMYFUNCTION("""COMPUTED_VALUE"""),158339.0) -> 158339 | D75: =IFERROR(__xludf.DUMMYFUNCTION("""COMPUTED_VALUE"""),53952.0) -> 53952 | E75: =IFERROR(__xludf.DUMMYFUNCTION("""COMPUTED_VALUE"""),124390.0) -> 124390 | F75: 336681 | H75: =IFERROR(__xludf.DUMMYFUNCTION("""COMPUTED_VALUE"""),"2025 Q1") -> 2025 Q1 | J75: =IFERROR(__xludf.DUMMYFUNCTION("""COMPUTED_VALUE"""),62645.0) -> 62645 | K75: =IFERROR(__xludf.DUMMYFUNCTION("""COMPUTED_VALUE"""),670.0) -> 670 | L75: =IFERROR(__xludf.DUMMYFUNCTION("""COMPUTED_VALUE"""),95024.0) -> 95024 | M75: =IFERROR(__xludf.DUMMYFUNCTION("""COMPUTED_VALUE"""),21857.0) -> 21857 | N75: =IFERROR(__xludf.DUMMYFUNCTION("""COMPUTED_VALUE"""),400.0) -> 400 | O75: =IFERROR(__xludf.DUMMYFUNCTION("""COMPUTED_VALUE"""),31695.0) -> 31695 | P75: =IFERROR(__xludf.DUMMYFUNCTION("""COMPUTED_VALUE"""),5395.0) -> 5395 | Q75: =IFERROR(__xludf.DUMMYFUNCTION("""COMPUTED_VALUE"""),51056.0) -> 51056 | R75: =IFERROR(__xludf.DUMMYFUNCTION("""COMPUTED_VALUE"""),6416.0) -> 6416 | S75: =IFERROR(__xludf.DUMMYFUNCTION("""COMPUTED_VALUE"""),61523.0) -> 61523 | T75: 336681
B76: =IFERROR(__xludf.DUMMYFUNCTION("""COMPUTED_VALUE"""),"2025 Q2") -> 2025 Q2 | C76: =IFERROR(__xludf.DUMMYFUNCTION("""COMPUTED_VALUE"""),176121.0) -> 176121 | D76: =IFERROR(__xludf.DUMMYFUNCTION("""COMPUTED_VALUE"""),55891.0) -> 55891 | E76: =IFERROR(__xludf.DUMMYFUNCTION("""COMPUTED_VALUE"""),152110.0) -> 152110 | F76: 384122 | H76: =IFERROR(__xludf.DUMMYFUNCTION("""COMPUTED_VALUE"""),"2025 Q2") -> 2025 Q2 | J76: =IFERROR(__xludf.DUMMYFUNCTION("""COMPUTED_VALUE"""),45965.0) -> 45965 | K76: =IFERROR(__xludf.DUMMYFUNCTION("""COMPUTED_VALUE"""),329.0) -> 329 | L76: =IFERROR(__xludf.DUMMYFUNCTION("""COMPUTED_VALUE"""),129827.0) -> 129827 | M76: =IFERROR(__xludf.DUMMYFUNCTION("""COMPUTED_VALUE"""),16583.0) -> 16583 | N76: =IFERROR(__xludf.DUMMYFUNCTION("""COMPUTED_VALUE"""),163.0) -> 163 | O76: =IFERROR(__xludf.DUMMYFUNCTION("""COMPUTED_VALUE"""),39145.0) -> 39145 | P76: =IFERROR(__xludf.DUMMYFUNCTION("""COMPUTED_VALUE"""),5390.0) -> 5390 | Q76: =IFERROR(__xludf.DUMMYFUNCTION("""COMPUTED_VALUE"""),49872.0) -> 49872 | R76: =IFERROR(__xludf.DUMMYFUNCTION("""COMPUTED_VALUE"""),4512.0) -> 4512 | S76: =IFERROR(__xludf.DUMMYFUNCTION("""COMPUTED_VALUE"""),92336.0) -> 92336 | T76: 384122
B77: =IFERROR(__xludf.DUMMYFUNCTION("""COMPUTED_VALUE"""),"2025 Q3") -> 2025 Q3 | C77: =IFERROR(__xludf.DUMMYFUNCTION("""COMPUTED_VALUE"""),236410.0) -> 236410 | D77: =IFERROR(__xludf.DUMMYFUNCTION("""COMPUTED_VALUE"""),63535.0) -> 63535 | E77: =IFERROR(__xludf.DUMMYFUNCTION("""COMPUTED_VALUE"""),197154.0) -> 197154 | F77: 497099 | H77: =IFERROR(__xludf.DUMMYFUNCTION("""COMPUTED_VALUE"""),"2025 Q3") -> 2025 Q3 | J77: =IFERROR(__xludf.DUMMYFUNCTION("""COMPUTED_VALUE"""),58080.0) -> 58080 | K77: =IFERROR(__xludf.DUMMYFUNCTION("""COMPUTED_VALUE"""),224.0) -> 224 | L77: =IFERROR(__xludf.DUMMYFUNCTION("""COMPUTED_VALUE"""),178106.0) -> 178106 | M77: =IFERROR(__xludf.DUMMYFUNCTION("""COMPUTED_VALUE"""),21828.0) -> 21828 | N77: =IFERROR(__xludf.DUMMYFUNCTION("""COMPUTED_VALUE"""),133.0) -> 133 | O77: =IFERROR(__xludf.DUMMYFUNCTION("""COMPUTED_VALUE"""),41574.0) -> 41574 | P77: =IFERROR(__xludf.DUMMYFUNCTION("""COMPUTED_VALUE"""),5780.0) -> 5780 | Q77: =IFERROR(__xludf.DUMMYFUNCTION("""COMPUTED_VALUE"""),45057.0) -> 45057 | R77: =IFERROR(__xludf.DUMMYFUNCTION("""COMPUTED_VALUE"""),9796.0) -> 9796 | S77: =IFERROR(__xludf.DUMMYFUNCTION("""COMPUTED_VALUE"""),136521.0) -> 136521 | T77: 497099
B78: =IFERROR(__xludf.DUMMYFUNCTION("""COMPUTED_VALUE"""),"2025 Q4") -> 2025 Q4 | C78: =IFERROR(__xludf.DUMMYFUNCTION("""COMPUTED_VALUE"""),240920.0) -> 240920 | D78: =IFERROR(__xludf.DUMMYFUNCTION("""COMPUTED_VALUE"""),64904.0) -> 64904 | E78: =IFERROR(__xludf.DUMMYFUNCTION("""COMPUTED_VALUE"""),112403.0) -> 112403 | F78: 418227 | H78: =IFERROR(__xludf.DUMMYFUNCTION("""COMPUTED_VALUE"""),"2025 Q4") -> 2025 Q4 | I78: =IFERROR(__xludf.DUMMYFUNCTION("""COMPUTED_VALUE"""),356.0) -> 356 | J78: =IFERROR(__xludf.DUMMYFUNCTION("""COMPUTED_VALUE"""),70742.0) -> 70742 | K78: =IFERROR(__xludf.DUMMYFUNCTION("""COMPUTED_VALUE"""),543.0) -> 543 | L78: =IFERROR(__xludf.DUMMYFUNCTION("""COMPUTED_VALUE"""),169279.0) -> 169279 | M78: =IFERROR(__xludf.DUMMYFUNCTION("""COMPUTED_VALUE"""),23407.0) -> 23407 | N78: =IFERROR(__xludf.DUMMYFUNCTION("""COMPUTED_VALUE"""),374.0) -> 374 | O78: =IFERROR(__xludf.DUMMYFUNCTION("""COMPUTED_VALUE"""),41123.0) -> 41123 | P78: =IFERROR(__xludf.DUMMYFUNCTION("""COMPUTED_VALUE"""),3900.0) -> 3900 | Q78: =IFERROR(__xludf.DUMMYFUNCTION("""COMPUTED_VALUE"""),22276.0) -> 22276 | R78: =IFERROR(__xludf.DUMMYFUNCTION("""COMPUTED_VALUE"""),6469.0) -> 6469 | S78: =IFERROR(__xludf.DUMMYFUNCTION("""COMPUTED_VALUE"""),79758.0) -> 79758 | T78: 418227
B79: =IFERROR(__xludf.DUMMYFUNCTION("""COMPUTED_VALUE"""),"Total") -> Total | C79: =IFERROR(__xludf.DUMMYFUNCTION("""COMPUTED_VALUE"""),3549278.0) -> 3549278 | D79: =IFERROR(__xludf.DUMMYFUNCTION("""COMPUTED_VALUE"""),1646943.0) -> 1646943 | E79: =IFERROR(__xludf.DUMMYFUNCTION("""COMPUTED_VALUE"""),3687503.0) -> 3687503 | F79: 8883724 | H79: =IFERROR(__xludf.DUMMYFUNCTION("""COMPUTED_VALUE"""),"Total") -> Total | I79: =IFERROR(__xludf.DUMMYFUNCTION("""COMPUTED_VALUE"""),356.0) -> 356 | J79: =IFERROR(__xludf.DUMMYFUNCTION("""COMPUTED_VALUE"""),1218426.0) -> 1218426 | K79: =IFERROR(__xludf.DUMMYFUNCTION("""COMPUTED_VALUE"""),108663.0) -> 108663 | L79: =IFERROR(__xludf.DUMMYFUNCTION("""COMPUTED_VALUE"""),2221833.0) -> 2221833 | M79: =IFERROR(__xludf.DUMMYFUNCTION("""COMPUTED_VALUE"""),709725.0) -> 709725 | N79: =IFERROR(__xludf.DUMMYFUNCTION("""COMPUTED_VALUE"""),147042.0) -> 147042 | O79: =IFERROR(__xludf.DUMMYFUNCTION("""COMPUTED_VALUE"""),790176.0) -> 790176 | P79: =IFERROR(__xludf.DUMMYFUNCTION("""COMPUTED_VALUE"""),61329.0) -> 61329 | Q79: =IFERROR(__xludf.DUMMYFUNCTION("""COMPUTED_VALUE"""),1403614.0) -> 1403614 | R79: =IFERROR(__xludf.DUMMYFUNCTION("""COMPUTED_VALUE"""),487601.0) -> 487601 | S79: =IFERROR(__xludf.DUMMYFUNCTION("""COMPUTED_VALUE"""),1734959.0) -> 1734959 | T79: 8883724
B83: APAC (Asia--Pacific) includes these countries:
B84: • Australia
B85: • China
B86: • Hong Kong
B87: • Israel
B88: • Japan
B89: • Malaysia
B90: • New Zealand
B91: • Singapore
B92: • South Korea
B93: • Taiwan
B94: • Thailand
... B96: • United Arab Emirates

Sheet Production
J1: Fremont | K1: Fremont | L1: Fremont | M1: Shanghai | N1: Shanghai | O1: Berlin | P1: Texas | Q1: Texas | R1: Total
B2: Production | C2: Fremont | D2: Shanghai | E2: Berlin | F2: Texas | G2: Total | I2: Production | J2: Model 3 | K2: Model S/X | L2: Model Y | M2: Model 3 | N2: Model Y | O2: Model Y | P2: Model Y | Q2: Cybertruck | R2: All models
B3: 2012 | C3: =sumifs(Production_Data!$G:$G,Production_Data!$A:$A,$I3,Production_Data!$F:$F,C$2) -> 3105 | D3: =sumifs(Production_Data!$G:$G,Production_Data!$A:$A,$I3,Production_Data!$F:$F,D$2) -> 0 | E3: =sumifs(Production_Data!$G:$G,Production_Data!$A:$A,$I3,Production_Data!$F:$F,E$2) -> 0 | F3: =sumifs(Production_Data!$G:$G,Production_Data!$A:$A,$I3,Production_Data!$F:$F,F$2) -> 0 | G3: =SUM(C3:F3) -> 3105 | I3: 2012 | J3: =sumifs(Production_Data!$G:$G,Production_Data!$A:$A,$I3,Production_Data!$F:$F,J$1,Production_Data!$D:$D,J$2) -> 0 | K3: =sumifs(Production_Data!$G:$G,Production_Data!$A:$A,$I3,Production_Data!$F:$F,K$1,Production_Data!$D:$D,K$2) -> 3105 | L3: =sumifs(Production_Data!$G:$G,Production_Data!$A:$A,$I3,Production_Data!$F:$F,L$1,Production_Data!$D:$D,L$2) -> 0 | M3: =sumifs(Production_Data!$G:$G,Production_Data!$A:$A,$I3,Production_Data!$F:$F,M$1,Production_Data!$D:$D,M$2) -> 0 | N3: =sumifs(Production_Data!$G:$G,Production_Data!$A:$A,$I3,Production_Data!$F:$F,N$1,Production_Data!$D:$D,N$2) -> 0 | O3: =sumifs(Production_Data!$G:$G,Production_Data!$A:$A,$I3,Production_Data!$F:$F,O$1,Production_Data!$D:$D,O$2) -> 0 | P3: =sumifs(Production_Data!$G:$G,Production_Data!$A:$A,$I3,Production_Data!$F:$F,P$1,Production_Data!$D:$D,P$2) -> 0 | Q3: =sumifs(Production_Data!$G:$G,Production_Data!$A:$A,$I3,Production_Data!$F:$F,Q$1,Production_Data!$D:$D,Q$2) -> 0 | R3: =SUM(J3:Q3) -> 3105
B4: 2013 | C4: =sumifs(Production_Data!$G:$G,Production_Data!$A:$A,$I4,Production_Data!$F:$F,C$2) -> 23187 | D4: =sumifs(Production_Data!$G:$G,Production_Data!$A:$A,$I4,Production_Data!$F:$F,D$2) -> 0 | E4: =sumifs(Production_Data!$G:$G,Production_Data!$A:$A,$I4,Production_Data!$F:$F,E$2) -> 0 | F4: =sumifs(Production_Data!$G:$G,Production_Data!$A:$A,$I4,Production_Data!$F:$F,F$2) -> 0 | G4: =SUM(C4:F4) -> 23187 | I4: 2013 | J4: =sumifs(Production_Data!$G:$G,Production_Data!$A:$A,$I4,Production_Data!$F:$F,J$1,Production_Data!$D:$D,J$2) -> 0 | K4: =sumifs(Production_Data!$G:$G,Production_Data!$A:$A,$I4,Production_Data!$F:$F,K$1,Production_Data!$D:$D,K$2) -> 23187 | L4: =sumifs(Production_Data!$G:$G,Production_Data!$A:$A,$I4,Production_Data!$F:$F,L$1,Production_Data!$D:$D,L$2) -> 0 | M4: =sumifs(Production_Data!$G:$G,Production_Data!$A:$A,$I4,Production_Data!$F:$F,M$1,Production_Data!$D:$D,M$2) -> 0 | N4: =sumifs(Production_Data!$G:$G,Production_Data!$A:$A,$I4,Production_Data!$F:$F,N$1,Production_Data!$D:$D,N$2) -> 0 | O4: =sumifs(Production_Data!$G:$G,Production_Data!$A:$A,$I4,Production_Data!$F:$F,O$1,Production_Data!$D:$D,O$2) -> 0 | P4: =sumifs(Production_Data!$G:$G,Production_Data!$A:$A,$I4,Production_Data!$F:$F,P$1,Production_Data!$D:$D,P$2) -> 0 | Q4: =sumifs(Production_Data!$G:$G,Production_Data!$A:$A,$I4,Production_Data!$F:$F,Q$1,Production_Data!$D:$D,Q$2) -> 0 | R4: =SUM(J4:Q4) -> 23187
B5: 2014 | C5: =sumifs(Production_Data!$G:$G,Production_Data!$A:$A,$I5,Production_Data!$F:$F,C$2) -> 35125 | D5: =sumifs(Production_Data!$G:$G,Production_Data!$A:$A,$I5,Production_Data!$F:$F,D$2) -> 0 | E5: =sumifs(Production_Data!$G:$G,Production_Data!$A:$A,$I5,Production_Data!$F:$F,E$2) -> 0 | F5: =sumifs(Production_Data!$G:$G,Production_Data!$A:$A,$I5,Production_Data!$F:$F,F$2) -> 0 | G5: =SUM(C5:F5) -> 35125 | I5: 2014 | J5: =sumifs(Production_Data!$G:$G,Production_Data!$A:$A,$I5,Production_Data!$F:$F,J$1,Production_Data!$D:$D,J$2) -> 0 | K5: =sumifs(Production_Data!$G:$G,Production_Data!$A:$A,$I5,Production_Data!$F:$F,K$1,Production_Data!$D:$D,K$2) -> 35125 | L5: =sumifs(Production_Data!$G:$G,Production_Data!$A:$A,$I5,Production_Data!$F:$F,L$1,Production_Data!$D:$D,L$2) -> 0 | M5: =sumifs(Production_Data!$G:$G,Production_Data!$A:$A,$I5,Production_Data!$F:$F,M$1,Production_Data!$D:$D,M$2) -> 0 | N5: =sumifs(Production_Data!$G:$G,Production_Data!$A:$A,$I5,Production_Data!$F:$F,N$1,Production_Data!$D:$D,N$2) -> 0 | O5: =sumifs(Production_Data!$G:$G,Production_Data!$A:$A,$I5,Production_Data!$F:$F,O$1,Production_Data!$D:$D,O$2) -> 0 | P5: =sumifs(Production_Data!$G:$G,Production_Data!$A:$A,$I5,Production_Data!$F:$F,P$1,Production_Data!$D:$D,P$2) -> 0 | Q5: =sumifs(Production_Data!$G:$G,Production_Data!$A:$A,$I5,Production_Data!$F:$F,Q$1,Production_Data!$D:$D,Q$2) -> 0 | R5: =SUM(J5:Q5) -> 35125
B6: 2015 | C6: =sumifs(Production_Data!$G:$G,Production_Data!$A:$A,$I6,Production_Data!$F:$F,C$2) -> 51095 | D6: =sumifs(Production_Data!$G:$G,Production_Data!$A:$A,$I6,Production_Data!$F:$F,D$2) -> 0 | E6: =sumifs(Production_Data!$G:$G,Production_Data!$A:$A,$I6,Production_Data!$F:$F,E$2) -> 0 | F6: =sumifs(Production_Data!$G:$G,Production_Data!$A:$A,$I6,Production_Data!$F:$F,F$2) -> 0 | G6: =SUM(C6:F6) -> 51095 | I6: 2015 | J6: =sumifs(Production_Data!$G:$G,Production_Data!$A:$A,$I6,Production_Data!$F:$F,J$1,Production_Data!$D:$D,J$2) -> 0 | K6: =sumifs(Production_Data!$G:$G,Production_Data!$A:$A,$I6,Production_Data!$F:$F,K$1,Production_Data!$D:$D,K$2) -> 51095 | L6: =sumifs(Production_Data!$G:$G,Production_Data!$A:$A,$I6,Production_Data!$F:$F,L$1,Production_Data!$D:$D,L$2) -> 0 | M6: =sumifs(Production_Data!$G:$G,Production_Data!$A:$A,$I6,Production_Data!$F:$F,M$1,Production_Data!$D:$D,M$2) -> 0 | N6: =sumifs(Production_Data!$G:$G,Production_Data!$A:$A,$I6,Production_Data!$F:$F,N$1,Production_Data!$D:$D,N$2) -> 0 | O6: =sumifs(Production_Data!$G:$G,Production_Data!$A:$A,$I6,Production_Data!$F:$F,O$1,Production_Data!$D:$D,O$2) -> 0 | P6: =sumifs(Production_Data!$G:$G,Production_Data!$A:$A,$I6,Production_Data!$F:$F,P$1,Production_Data!$D:$D,P$2) -> 0 | Q6: =sumifs(Production_Data!$G:$G,Production_Data!$A:$A,$I6,Production_Data!$F:$F,Q$1,Production_Data!$D:$D,Q$2) -> 0 | R6: =SUM(J6:Q6) -> 51095
B7: 2016 | C7: =sumifs(Production_Data!$G:$G,Production_Data!$A:$A,$I7,Production_Data!$F:$F,C$2) -> 83922 | D7: =sumifs(Production_Data!$G:$G,Production_Data!$A:$A,$I7,Production_Data!$F:$F,D$2) -> 0 | E7: =sumifs(Production_Data!$G:$G,Production_Data!$A:$A,$I7,Production_Data!$F:$F,E$2) -> 0 | F7: =sumifs(Production_Data!$G:$G,Production_Data!$A:$A,$I7,Production_Data!$F:$F,F$2) -> 0 | G7: =SUM(C7:F7) -> 83922 | I7: 2016 | J7: =sumifs(Production_Data!$G:$G,Production_Data!$A:$A,$I7,Production_Data!$F:$F,J$1,Production_Data!$D:$D,J$2) -> 0 | K7: =sumifs(Production_Data!$G:$G,Production_Data!$A:$A,$I7,Production_Data!$F:$F,K$1,Production_Data!$D:$D,K$2) -> 83922 | L7: =sumifs(Production_Data!$G:$G,Production_Data!$A:$A,$I7,Production_Data!$F:$F,L$1,Production_Data!$D:$D,L$2) -> 0 | M7: =sumifs(Production_Data!$G:$G,Production_Data!$A:$A,$I7,Production_Data!$F:$F,M$1,Production_Data!$D:$D,M$2) -> 0 | N7: =sumifs(Production_Data!$G:$G,Production_Data!$A:$A,$I7,Production_Data!$F:$F,N$1,Production_Data!$D:$D,N$2) -> 0 | O7: =sumifs(Production_Data!$G:$G,Production_Data!$A:$A,$I7,Production_Data!$F:$F,O$1,Production_Data!$D:$D,O$2) -> 0 | P7: =sumifs(Production_Data!$G:$G,Production_Data!$A:$A,$I7,Production_Data!$F:$F,P$1,Production_Data!$D:$D,P$2) -> 0 | Q7: =sumifs(Production_Data!$G:$G,Production_Data!$A:$A,$I7,Production_Data!$F:$F,Q$1,Production_Data!$D:$D,Q$2) -> 0 | R7: =SUM(J7:Q7) -> 83922
B8: 2017 | C8: =sumifs(Production_Data!$G:$G,Production_Data!$A:$A,$I8,Production_Data!$F:$F,C$2) -> 101027 | D8: =sumifs(Production_Data!$G:$G,Production_Data!$A:$A,$I8,Production_Data!$F:$F,D$2) -> 0 | E8: =sumifs(Production_Data!$G:$G,Production_Data!$A:$A,$I8,Production_Data!$F:$F,E$2) -> 0 | F8: =sumifs(Production_Data!$G:$G,Production_Data!$A:$A,$I8,Production_Data!$F:$F,F$2) -> 0 | G8: =SUM(C8:F8) -> 101027 | I8: 2017 | J8: =sumifs(Production_Data!$G:$G,Production_Data!$A:$A,$I8,Production_Data!$F:$F,J$1,Production_Data!$D:$D,J$2) -> 2685 | K8: =sumifs(Production_Data!$G:$G,Production_Data!$A:$A,$I8,Production_Data!$F:$F,K$1,Production_Data!$D:$D,K$2) -> 98342 | L8: =sumifs(Production_Data!$G:$G,Production_Data!$A:$A,$I8,Production_Data!$F:$F,L$1,Production_Data!$D:$D,L$2) -> 0 | M8: =sumifs(Production_Data!$G:$G,Production_Data!$A:$A,$I8,Production_Data!$F:$F,M$1,Production_Data!$D:$D,M$2) -> 0 | N8: =sumifs(Production_Data!$G:$G,Production_Data!$A:$A,$I8,Production_Data!$F:$F,N$1,Production_Data!$D:$D,N$2) -> 0 | O8: =sumifs(Production_Data!$G:$G,Production_Data!$A:$A,$I8,Production_Data!$F:$F,O$1,Production_Data!$D:$D,O$2) -> 0 | P8: =sumifs(Production_Data!$G:$G,Production_Data!$A:$A,$I8,Production_Data!$F:$F,P$1,Production_Data!$D:$D,P$2) -> 0 | Q8: =sumifs(Production_Data!$G:$G,Production_Data!$A:$A,$I8,Production_Data!$F:$F,Q$1,Production_Data!$D:$D,Q$2) -> 0 | R8: =SUM(J8:Q8) -> 101027
B9: 2018 | C9: =sumifs(Production_Data!$G:$G,Production_Data!$A:$A,$I9,Production_Data!$F:$F,C$2) -> 254530 | D9: =sumifs(Production_Data!$G:$G,Production_Data!$A:$A,$I9,Production_Data!$F:$F,D$2) -> 0 | E9: =sumifs(Production_Data!$G:$G,Production_Data!$A:$A,$I9,Production_Data!$F:$F,E$2) -> 0 | F9: =sumifs(Production_Data!$G:$G,Production_Data!$A:$A,$I9,Production_Data!$F:$F,F$2) -> 0 | G9: =SUM(C9:F9) -> 254530 | I9: 2018 | J9: =sumifs(Production_Data!$G:$G,Production_Data!$A:$A,$I9,Production_Data!$F:$F,J$1,Production_Data!$D:$D,J$2) -> 152977 | K9: =sumifs(Production_Data!$G:$G,Production_Data!$A:$A,$I9,Production_Data!$F:$F,K$1,Production_Data!$D:$D,K$2) -> 101553 | L9: =sumifs(Production_Data!$G:$G,Production_Data!$A:$A,$I9,Production_Data!$F:$F,L$1,Production_Data!$D:$D,L$2) -> 0 | M9: =sumifs(Production_Data!$G:$G,Production_Data!$A:$A,$I9,Production_Data!$F:$F,M$1,Production_Data!$D:$D,M$2) -> 0 | N9: =sumifs(Production_Data!$G:$G,Production_Data!$A:$A,$I9,Production_Data!$F:$F,N$1,Production_Data!$D:$D,N$2) -> 0 | O9: =sumifs(Production_Data!$G:$G,Production_Data!$A:$A,$I9,Production_Data!$F:$F,O$1,Production_Data!$D:$D,O$2) -> 0 | P9: =sumifs(Production_Data!$G:$G,Production_Data!$A:$A,$I9,Production_Data!$F:$F,P$1,Production_Data!$D:$D,P$2) -> 0 | Q9: =sumifs(Production_Data!$G:$G,Production_Data!$A:$A,$I9,Production_Data!$F:$F,Q$1,Production_Data!$D:$D,Q$2) -> 0 | R9: =SUM(J9:Q9) -> 254530
B10: 2019 | C10: =sumifs(Production_Data!$G:$G,Production_Data!$A:$A,$I10,Production_Data!$F:$F,C$2) -> 365232 | D10: =sumifs(Production_Data!$G:$G,Production_Data!$A:$A,$I10,Production_Data!$F:$F,D$2) -> 0 | E10: =sumifs(Production_Data!$G:$G,Production_Data!$A:$A,$I10,Production_Data!$F:$F,E$2) -> 0 | F10: =sumifs(Production_Data!$G:$G,Production_Data!$A:$A,$I10,Production_Data!$F:$F,F$2) -> 0 | G10: =SUM(C10:F10) -> 365232 | I10: 2019 | J10: =sumifs(Production_Data!$G:$G,Production_Data!$A:$A,$I10,Production_Data!$F:$F,J$1,Production_Data!$D:$D,J$2) -> 302301 | K10: =sumifs(Production_Data!$G:$G,Production_Data!$A:$A,$I10,Production_Data!$F:$F,K$1,Production_Data!$D:$D,K$2) -> 62931 | L10: =sumifs(Production_Data!$G:$G,Production_Data!$A:$A,$I10,Production_Data!$F:$F,L$1,Production_Data!$D:$D,L$2) -> 0 | M10: =sumifs(Production_Data!$G:$G,Production_Data!$A:$A,$I10,Production_Data!$F:$F,M$1,Production_Data!$D:$D,M$2) -> 0 | N10: =sumifs(Production_Data!$G:$G,Production_Data!$A:$A,$I10,Production_Data!$F:$F,N$1,Production_Data!$D:$D,N$2) -> 0 | O10: =sumifs(Production_Data!$G:$G,Production_Data!$A:$A,$I10,Production_Data!$F:$F,O$1,Production_Data!$D:$D,O$2) -> 0 | P10: =sumifs(Production_Data!$G:$G,Production_Data!$A:$A,$I10,Production_Data!$F:$F,P$1,Production_Data!$D:$D,P$2) -> 0 | Q10: =sumifs(Production_Data!$G:$G,Production_Data!$A:$A,$I10,Production_Data!$F:$F,Q$1,Production_Data!$D:$D,Q$2) -> 0 | R10: =SUM(J10:Q10) -> 365232
B11: 2020 | C11: =sumifs(Production_Data!$G:$G,Production_Data!$A:$A,$I11,Production_Data!$F:$F,C$2) -> 355405 | D11: =sumifs(Production_Data!$G:$G,Production_Data!$A:$A,$I11,Production_Data!$F:$F,D$2) -> 154332 | E11: =sumifs(Production_Data!$G:$G,Production_Data!$A:$A,$I11,Production_Data!$F:$F,E$2) -> 0 | F11: =sumifs(Production_Data!$G:$G,Production_Data!$A:$A,$I11,Production_Data!$F:$F,F$2) -> 0 | G11: =SUM(C11:F11) -> 509737 | I11: 2020 | J11: =sumifs(Production_Data!$G:$G,Production_Data!$A:$A,$I11,Production_Data!$F:$F,J$1,Production_Data!$D:$D,J$2) -> 213704 | K11: =sumifs(Production_Data!$G:$G,Production_Data!$A:$A,$I11,Production_Data!$F:$F,K$1,Production_Data!$D:$D,K$2) -> 54805 | L11: =sumifs(Production_Data!$G:$G,Production_Data!$A:$A,$I11,Production_Data!$F:$F,L$1,Production_Data!$D:$D,L$2) -> 86896 | M11: =sumifs(Production_Data!$G:$G,Production_Data!$A:$A,$I11,Production_Data!$F:$F,M$1,Production_Data!$D:$D,M$2) -> 154332 | N11: =sumifs(Production_Data!$G:$G,Production_Data!$A:$A,$I11,Production_Data!$F:$F,N$1,Production_Data!$D:$D,N$2) -> 0 | O11: =sumifs(Production_Data!$G:$G,Production_Data!$A:$A,$I11,Production_Data!$F:$F,O$1,Production_Data!$D:$D,O$2) -> 0 | P11: =sumifs(Production_Data!$G:$G,Production_Data!$A:$A,$I11,Production_Data!$F:$F,P$1,Production_Data!$D:$D,P$2) -> 0 | Q11: =sumifs(Production_Data!$G:$G,Production_Data!$A:$A,$I11,Production_Data!$F:$F,Q$1,Production_Data!$D:$D,Q$2) -> 0 | R11: =SUM(J11:Q11) -> 509737
B12: 2021 | C12: =sumifs(Production_Data!$G:$G,Production_Data!$A:$A,$I12,Production_Data!$F:$F,C$2) -> 444635 | D12: =sumifs(Production_Data!$G:$G,Production_Data!$A:$A,$I12,Production_Data!$F:$F,D$2) -> 485787 | E12: =sumifs(Production_Data!$G:$G,Production_Data!$A:$A,$I12,Production_Data!$F:$F,E$2) -> 0 | F12: =sumifs(Production_Data!$G:$G,Production_Data!$A:$A,$I12,Production_Data!$F:$F,F$2) -> 0 | G12: =SUM(C12:F12) -> 930422 | I12: 2021 | J12: =sumifs(Production_Data!$G:$G,Production_Data!$A:$A,$I12,Production_Data!$F:$F,J$1,Production_Data!$D:$D,J$2) -> 216671 | K12: =sumifs(Production_Data!$G:$G,Production_Data!$A:$A,$I12,Production_Data!$F:$F,K$1,Production_Data!$D:$D,K$2) -> 24390 | L12: =sumifs(Production_Data!$G:$G,Production_Data!$A:$A,$I12,Production_Data!$F:$F,L$1,Production_Data!$D:$D,L$2) -> 203574 | M12: =sumifs(Production_Data!$G:$G,Production_Data!$A:$A,$I12,Production_Data!$F:$F,M$1,Production_Data!$D:$D,M$2) -> 279858 | N12: =sumifs(Production_Data!$G:$G,Production_Data!$A:$A,$I12,Production_Data!$F:$F,N$1,Production_Data!$D:$D,N$2) -> 205929 | O12: =sumifs(Production_Data!$G:$G,Production_Data!$A:$A,$I12,Production_Data!$F:$F,O$1,Production_Data!$D:$D,O$2) -> 0 | P12: =sumifs(Production_Data!$G:$G,Production_Data!$A:$A,$I12,Production_Data!$F:$F,P$1,Production_Data!$D:$D,P$2) -> 0 | Q12: =sumifs(Production_Data!$G:$G,Production_Data!$A:$A,$I12,Production_Data!$F:$F,Q$1,Production_Data!$D:$D,Q$2) -> 0 | R12: =SUM(J12:Q12) -> 930422
B13: 2022 | C13: =sumifs(Production_Data!$G:$G,Production_Data!$A:$A,$I13,Production_Data!$F:$F,C$2) -> 555110 | D13: =sumifs(Production_Data!$G:$G,Production_Data!$A:$A,$I13,Production_Data!$F:$F,D$2) -> 726669 | E13: =sumifs(Production_Data!$G:$G,Production_Data!$A:$A,$I13,Production_Data!$F:$F,E$2) -> 48704 | F13: =sumifs(Production_Data!$G:$G,Production_Data!$A:$A,$I13,Production_Data!$F:$F,F$2) -> 39128 | G13: =SUM(C13:F13) -> 1369611 | I13: 2022 | J13: =sumifs(Production_Data!$G:$G,Production_Data!$A:$A,$I13,Production_Data!$F:$F,J$1,Production_Data!$D:$D,J$2) -> 242633 | K13: =sumifs(Production_Data!$G:$G,Production_Data!$A:$A,$I13,Production_Data!$F:$F,K$1,Production_Data!$D:$D,K$2) -> 71177 | L13: =sumifs(Production_Data!$G:$G,Production_Data!$A:$A,$I13,Production_Data!$F:$F,L$1,Production_Data!$D:$D,L$2) -> 241300 | M13: =sumifs(Production_Data!$G:$G,Production_Data!$A:$A,$I13,Production_Data!$F:$F,M$1,Production_Data!$D:$D,M$2) -> 262653 | N13: =sumifs(Production_Data!$G:$G,Production_Data!$A:$A,$I13,Production_Data!$F:$F,N$1,Production_Data!$D:$D,N$2) -> 464016 | O13: =sumifs(Production_Data!$G:$G,Production_Data!$A:$A,$I13,Production_Data!$F:$F,O$1,Production_Data!$D:$D,O$2) -> 48704 | P13: =sumifs(Production_Data!$G:$G,Production_Data!$A:$A,$I13,Production_Data!$F:$F,P$1,Production_Data!$D:$D,P$2) -> 39128 | Q13: =sumifs(Production_Data!$G:$G,Production_Data!$A:$A,$I13,Production_Data!$F:$F,Q$1,Production_Data!$D:$D,Q$2) -> 0 | R13: =SUM(J13:Q13) -> 1369611
B14: 2023 | C14: =sumifs(Production_Data!$G:$G,Production_Data!$A:$A,$I14,Production_Data!$F:$F,C$2) -> 557266 | D14: =sumifs(Production_Data!$G:$G,Production_Data!$A:$A,$I14,Production_Data!$F:$F,D$2) -> 949736 | E14: =sumifs(Production_Data!$G:$G,Production_Data!$A:$A,$I14,Production_Data!$F:$F,E$2) -> 197129 | F14: =sumifs(Production_Data!$G:$G,Production_Data!$A:$A,$I14,Production_Data!$F:$F,F$2) -> 141854 | G14: =SUM(C14:F14) -> 1845985 | I14: 2023 | J14: =sumifs(Production_Data!$G:$G,Production_Data!$A:$A,$I14,Production_Data!$F:$F,J$1,Production_Data!$D:$D,J$2) -> 227913 | K14: =sumifs(Production_Data!$G:$G,Production_Data!$A:$A,$I14,Production_Data!$F:$F,K$1,Production_Data!$D:$D,K$2) -> 70611 | L14: =sumifs(Production_Data!$G:$G,Production_Data!$A:$A,$I14,Production_Data!$F:$F,L$1,Production_Data!$D:$D,L$2) -> 258742 | M14: =sumifs(Production_Data!$G:$G,Production_Data!$A:$A,$I14,Production_Data!$F:$F,M$1,Production_Data!$D:$D,M$2) -> 305409 | N14: =sumifs(Production_Data!$G:$G,Production_Data!$A:$A,$I14,Production_Data!$F:$F,N$1,Production_Data!$D:$D,N$2) -> 644327 | O14: =sumifs(Production_Data!$G:$G,Production_Data!$A:$A,$I14,Production_Data!$F:$F,O$1,Production_Data!$D:$D,O$2) -> 197129 | P14: =sumifs(Production_Data!$G:$G,Production_Data!$A:$A,$I14,Production_Data!$F:$F,P$1,Production_Data!$D:$D,P$2) -> 141639 | Q14: =sumifs(Production_Data!$G:$G,Production_Data!$A:$A,$I14,Production_Data!$F:$F,Q$1,Production_Data!$D:$D,Q$2) -> 215 | R14: =SUM(J14:Q14) -> 1845985
... B16: 2025 | C16: =sumifs(Production_Data!$G:$G,Production_Data!$A:$A,$I16,Production_Data!$F:$F,C$2) -> 420672 | D16: =sumifs(Production_Data!$G:$G,Production_Data!$A:$A,$I16,Production_Data!$F:$F,D$2) -> 850427 | E16: =sumifs(Production_Data!$G:$G,Production_Data!$A:$A,$I16,Production_Data!$F:$F,E$2) -> 198512 | F16: =sumifs(Production_Data!$G:$G,Production_Data!$A:$A,$I16,Production_Data!$F:$F,F$2) -> 185056 | G16: =SUM(C16:F16) -> 1654667 | I16: 2025 | J16: =sumifs(Production_Data!$G:$G,Production_Data!$A:$A,$I16,Production_Data!$F:$F,J$1,Production_Data!$D:$D,J$2) -> 177686 | K16: =sumifs(Production_Data!$G:$G,Production_Data!$A:$A,$I16,Production_Data!$F:$F,K$1,Production_Data!$D:$D,K$2) -> 32491 | L16: =sumifs(Production_Data!$G:$G,Production_Data!$A:$A,$I16,Production_Data!$F:$F,L$1,Production_Data!$D:$D,L$2) -> 210495 | M16: =sumifs(Production_Data!$G:$G,Production_Data!$A:$A,$I16,Production_Data!$F:$F,M$1,Production_Data!$D:$D,M$2) -> 310573 | N16: =sumifs(Production_Data!$G:$G,Production_Data!$A:$A,$I16,Production_Data!$F:$F,N$1,Production_Data!$D:$D,N$2) -> 539854 | O16: =sumifs(Production_Data!$G:$G,Production_Data!$A:$A,$I16,Production_Data!$F:$F,O$1,Production_Data!$D:$D,O$2) -> 198512 | P16: =sumifs(Production_Data!$G:$G,Production_Data!$A:$A,$I16,Production_Data!$F:$F,P$1,Production_Data!$D:$D,P$2) -> 163647 | Q16: =sumifs(Production_Data!$G:$G,Production_Data!$A:$A,$I16,Production_Data!$F:$F,Q$1,Production_Data!$D:$D,Q$2) -> 21409 | R16: =SUM(J16:Q16) -> 1654667
B17: Total | C17: =sum(C3:C16) -> 3726838 | D17: =sum(D3:D16) -> 4079477 | E17: =sum(E3:E16) -> 652847 | F17: =sum(F3:F16) -> 541926 | G17: =SUM(C17:F17) -> 9001088 | I17: Total | J17: =sum(J3:J16) -> 1712104 | K17: =sum(K3:K16) -> 766011 | L17: =sum(L3:L16) -> 1248723 | M17: =sum(M3:M16) -> 1669348 | N17: =sum(N3:N16) -> 2410129 | O17: =sum(O3:O16) -> 652847 | P17: =sum(P3:P16) -> 479474 | Q17: =sum(Q3:Q16) -> 62452 | R17: =SUM(J17:Q17) -> 9001088
T18: 2349 | U18: Roadster Original (2008-2012)
T19: =R17+T18 -> 9003437 | U19: Total
T20: =9000000-T19 -> -3437 | U20: needed to reach 9 million
J21: Fremont | K21: Fremont | L21: Fremont | M21: Shanghai | N21: Shanghai | O21: Berlin | P21: Texas | Q21: Texas | R21: Total
B22: Production | C22: Fremont | D22: Shanghai | E22: Berlin | F22: Texas | G22: Total | I22: Production | J22: Model 3 | K22: Model S/X | L22: Model Y | M22: Model 3 | N22: Model Y | O22: Model Y | P22: Model Y | Q22: Cybertruck | R22: All models
B23: 2012 Q3 | C23: =sumifs(Production_Data!$G:$G,Production_Data!$C:$C,$I23,Production_Data!$F:$F,C$22) -> 345 | D23: =sumifs(Production_Data!$G:$G,Production_Data!$C:$C,$I23,Production_Data!$F:$F,D$22) -> 0 | E23: =sumifs(Production_Data!$G:$G,Production_Data!$C:$C,$I23,Production_Data!$F:$F,E$22) -> 0 | F23: =sumifs(Production_Data!$G:$G,Production_Data!$C:$C,$I23,Production_Data!$F:$F,F$22) -> 0 | G23: =SUM(C23:F23) -> 345 | I23: 2012 Q3 | J23: =sumifs(Production_Data!$G:$G,Production_Data!$C:$C,$I23,Production_Data!$F:$F,J$21,Production_Data!$D:$D,J$22) -> 0 | K23: =sumifs(Production_Data!$G:$G,Production_Data!$C:$C,$I23,Production_Data!$F:$F,K$21,Production_Data!$D:$D,K$22) -> 345 | L23: =sumifs(Production_Data!$G:$G,Production_Data!$C:$C,$I23,Production_Data!$F:$F,L$21,Production_Data!$D:$D,L$22) -> 0 | M23: =sumifs(Production_Data!$G:$G,Production_Data!$C:$C,$I23,Production_Data!$F:$F,M$21,Production_Data!$D:$D,M$22) -> 0 | N23: =sumifs(Production_Data!$G:$G,Production_Data!$C:$C,$I23,Production_Data!$F:$F,N$21,Production_Data!$D:$D,N$22) -> 0 | O23: =sumifs(Production_Data!$G:$G,Production_Data!$C:$C,$I23,Production_Data!$F:$F,O$21,Production_Data!$D:$D,O$22) -> 0 | P23: =sumifs(Production_Data!$G:$G,Production_Data!$C:$C,$I23,Production_Data!$F:$F,P$21,Production_Data!$D:$D,P$22) -> 0 | Q23: =sumifs(Production_Data!$G:$G,Production_Data!$C:$C,$I23,Production_Data!$F:$F,Q$21,Production_Data!$D:$D,Q$22) -> 0 | R23: =SUM(J23:Q23) -> 345
B24: 2012 Q4 | C24: =sumifs(Production_Data!$G:$G,Production_Data!$C:$C,$I24,Production_Data!$F:$F,C$22) -> 2760 | D24: =sumifs(Production_Data!$G:$G,Production_Data!$C:$C,$I24,Production_Data!$F:$F,D$22) -> 0 | E24: =sumifs(Production_Data!$G:$G,Production_Data!$C:$C,$I24,Production_Data!$F:$F,E$22) -> 0 | F24: =sumifs(Production_Data!$G:$G,Production_Data!$C:$C,$I24,Production_Data!$F:$F,F$22) -> 0 | G24: =SUM(C24:F24) -> 2760 | I24: 2012 Q4 | J24: =sumifs(Production_Data!$G:$G,Production_Data!$C:$C,$I24,Production_Data!$F:$F,J$21,Production_Data!$D:$D,J$22) -> 0 | K24: =sumifs(Production_Data!$G:$G,Production_Data!$C:$C,$I24,Production_Data!$F:$F,K$21,Production_Data!$D:$D,K$22) -> 2760 | L24: =sumifs(Production_Data!$G:$G,Production_Data!$C:$C,$I24,Production_Data!$F:$F,L$21,Production_Data!$D:$D,L$22) -> 0 | M24: =sumifs(Production_Data!$G:$G,Production_Data!$C:$C,$I24,Production_Data!$F:$F,M$21,Production_Data!$D:$D,M$22) -> 0 | N24: =sumifs(Production_Data!$G:$G,Production_Data!$C:$C,$I24,Production_Data!$F:$F,N$21,Production_Data!$D:$D,N$22) -> 0 | O24: =sumifs(Production_Data!$G:$G,Production_Data!$C:$C,$I24,Production_Data!$F:$F,O$21,Production_Data!$D:$D,O$22) -> 0 | P24: =sumifs(Production_Data!$G:$G,Production_Data!$C:$C,$I24,Production_Data!$F:$F,P$21,Production_Data!$D:$D,P$22) -> 0 | Q24: =sumifs(Production_Data!$G:$G,Production_Data!$C:$C,$I24,Production_Data!$F:$F,Q$21,Production_Data!$D:$D,Q$22) -> 0 | R24: =SUM(J24:Q24) -> 2760
B25: 2013 Q1 | C25: =sumifs(Production_Data!$G:$G,Production_Data!$C:$C,$I25,Production_Data!$F:$F,C$22) -> 5050 | D25: =sumifs(Production_Data!$G:$G,Production_Data!$C:$C,$I25,Production_Data!$F:$F,D$22) -> 0 | E25: =sumifs(Production_Data!$G:$G,Production_Data!$C:$C,$I25,Production_Data!$F:$F,E$22) -> 0 | F25: =sumifs(Production_Data!$G:$G,Production_Data!$C:$C,$I25,Production_Data!$F:$F,F$22) -> 0 | G25: =SUM(C25:F25) -> 5050 | I25: 2013 Q1 | J25: =sumifs(Production_Data!$G:$G,Production_Data!$C:$C,$I25,Production_Data!$F:$F,J$21,Production_Data!$D:$D,J$22) -> 0 | K25: =sumifs(Production_Data!$G:$G,Production_Data!$C:$C,$I25,Production_Data!$F:$F,K$21,Production_Data!$D:$D,K$22) -> 5050 | L25: =sumifs(Production_Data!$G:$G,Production_Data!$C:$C,$I25,Production_Data!$F:$F,L$21,Production_Data!$D:$D,L$22) -> 0 | M25: =sumifs(Production_Data!$G:$G,Production_Data!$C:$C,$I25,Production_Data!$F:$F,M$21,Production_Data!$D:$D,M$22) -> 0 | N25: =sumifs(Production_Data!$G:$G,Production_Data!$C:$C,$I25,Production_Data!$F:$F,N$21,Production_Data!$D:$D,N$22) -> 0 | O25: =sumifs(Production_Data!$G:$G,Production_Data!$C:$C,$I25,Production_Data!$F:$F,O$21,Production_Data!$D:$D,O$22) -> 0 | P25: =sumifs(Production_Data!$G:$G,Production_Data!$C:$C,$I25,Production_Data!$F:$F,P$21,Production_Data!$D:$D,P$22) -> 0 | Q25: =sumifs(Production_Data!$G:$G,Production_Data!$C:$C,$I25,Production_Data!$F:$F,Q$21,Production_Data!$D:$D,Q$22) -> 0 | R25: =SUM(J25:Q25) -> 5050
